date,inventory_kb,imports_kbd,exports_kbd,runs_kbd,inventory_mb,inventory_change_mb,imports_mb_w,exports_mb_w,runs_mb_w,imports_change_mb_w,exports_change_mb_w,runs_change_mb_w,imports_change_z,exports_change_z,runs_change_z,dominant_driver,driver_confidence,most_abnormal_flow
2016-02-26,486699,8292,387,15852,486.699,10.374000000000024,58.044,2.709,110.964,3.4299999999999997,-0.08400000000000007,1.168999999999997,0.8726748701498774,-0.3310210668555432,0.6436595855380521,Import-led,High,Imports
2016-03-04,490843,8048,387,15911,490.843,4.1440000000000055,56.336,2.709,111.377,-1.7079999999999984,0.0,0.4129999999999967,-0.5003046902951543,0.05651579190216586,0.20003512013786215,Import-led,High,Imports
2016-03-11,492160,7693,387,15996,492.16,1.3170000000000073,53.851,2.709,111.972,-2.4849999999999994,0.0,0.5949999999999989,-0.6773278037646886,0.05651579190216586,0.3148199508813021,Import-led,High,Imports
2016-03-18,501517,8384,387,15820,501.517,9.356999999999971,58.688,2.709,110.74,4.837000000000003,0.0,-1.2319999999999993,1.2490477389058292,0.07258181628894536,-0.7665046938276137,Import-led,High,Imports
2016-03-25,503816,7748,387,16234,503.816,2.298999999999978,54.236,2.709,113.638,-4.452000000000005,0.0,2.8980000000000103,-1.1799602890363223,0.07258181628894536,1.6693969083251292,Import-led,High,Runs
2016-04-01,498598,7254,339,16433,498.598,-5.217999999999961,50.778,2.373,115.031,-3.4579999999999984,-0.33599999999999985,1.3930000000000007,-0.8871141467959761,-1.4291197143397694,0.7818302110240903,Import-led,High,Exports
2016-04-08,505232,7940,339,15941,505.232,6.6340000000000146,55.58,2.373,111.587,4.802,0.0,-3.4440000000000026,1.2809375588536558,0.10050413085408327,-1.956995597524579,Import-led,High,Runs
2016-04-15,507312,8187,339,16104,507.312,2.079999999999984,57.309,2.373,112.728,1.7289999999999992,0.0,1.1409999999999911,0.4613464085410265,0.10050413085408327,0.6484584305241992,Import-led,High,Runs
2016-04-22,509311,7550,390,15847,509.311,1.9989999999999668,52.85,2.73,110.929,-4.458999999999996,0.35699999999999976,-1.7989999999999924,-1.2204358728113327,1.6446760975963868,-1.009489641825735,Import-led,High,Exports
2016-04-29,512095,7660,390,15986,512.095,2.7840000000000487,53.62,2.73,111.902,0.769999999999996,0.0,0.972999999999999,0.17424718388083604,0.04640529846644261,0.588305569014492,Mixed / Minor,Low,Runs
2016-05-06,508487,7655,390,16179,508.487,-3.608000000000004,53.585,2.73,113.253,-0.03499999999999659,0.0,1.350999999999999,-0.039313511540813494,0.04640529846644261,0.7746784706951039,Run-led,High,Runs
2016-05-13,509797,7677,390,16371,509.797,1.3100000000000023,53.739,2.73,114.597,0.15399999999999636,0.0,1.343999999999994,0.025413090270421285,0.04640529846644261,0.7776831680217375,Run-led,High,Runs
2016-05-20,505571,7315,390,16279,505.571,-4.225999999999999,51.205,2.73,113.953,-2.533999999999999,0.0,-0.6439999999999912,-0.7455058925050656,0.030918710446478787,-0.3680301071698361,Import-led,High,Imports
2016-05-27,504205,7839,489,16206,504.205,-1.3660000000000423,54.873,3.423,113.442,3.6679999999999993,0.6930000000000001,-0.5110000000000099,1.0342101018104344,2.8330036240898187,-0.28665507153898945,Import-led,High,Exports
2016-06-03,501844,7705,489,16417,501.844,-2.36099999999999,53.935,3.423,114.919,-0.9379999999999953,0.0,1.4770000000000039,-0.31801447871658506,-0.026663563520845333,0.885133146633036,Run-led,High,Runs
2016-06-10,500911,7622,489,16317,500.911,-0.9329999999999927,53.354,3.423,114.219,-0.5810000000000031,0.0,-0.7000000000000028,-0.19382598057839423,-0.026663563520845333,-0.42169042027527226,Mixed / Minor,Low,Runs
2016-06-17,499994,8439,489,16505,499.994,-0.9169999999999732,59.073,3.423,115.535,5.719000000000001,0.0,1.3160000000000025,1.5890474142887425,0.05360260123209661,0.7933659091065902,Import-led,High,Imports
2016-06-24,495941,7555,598,16695,495.941,-4.053000000000054,52.885,4.186,116.865,-6.188000000000002,0.7629999999999999,1.3299999999999983,-1.7719878176510793,3.2697989876880325,0.7815095163211246,Import-led,High,Exports
2016-07-01,493718,8363,598,16687,493.718,-2.2229999999999563,58.541,4.186,116.809,5.655999999999999,0.0,-0.055999999999997385,1.5422905203284942,-0.015650518111607326,-0.04080733064019162,Import-led,High,Imports
2016-07-08,491172,7841,598,16544,491.172,-2.5459999999999923,54.887,4.186,115.808,-3.6539999999999964,0.0,-1.0009999999999906,-1.0291189644253025,-0.015650518111607326,-0.5792175647254191,Import-led,High,Imports
2016-07-15,488830,8134,598,16863,488.83,-2.3420000000000414,56.938,4.186,118.041,2.051000000000002,0.0,2.23299999999999,0.5656042371548816,-0.015650518111607326,1.3203867263921358,Run-led,Medium,Runs
2016-07-22,490501,8437,677,16586,490.501,1.6709999999999923,59.059,4.739,116.102,2.120999999999995,0.5529999999999999,-1.938999999999993,0.5605485214903326,2.204218752988193,-1.1200023900646183,Import-led,Medium,Exports
2016-07-29,491914,8738,677,16852,491.914,1.413000000000011,61.166,4.739,117.964,2.1069999999999993,0.0,1.8619999999999948,0.5329995875003645,-0.05563098913263579,1.1114298232615818,Import-led,Medium,Runs
2016-08-05,492969,8404,677,16597,492.969,1.0550000000000068,58.828,4.739,116.179,-2.337999999999994,0.0,-1.7849999999999966,-0.6884881876250362,-0.05563098913263579,-1.004415556364983,Import-led,Medium,Runs
2016-08-12,490461,8193,677,16865,490.461,-2.5079999999999814,57.351,4.739,118.055,-1.4770000000000039,0.0,1.8760000000000048,-0.42350739226128264,-0.05563098913263579,1.0822360203411263,Run-led,Medium,Runs
2016-08-19,492962,8642,677,16679,492.962,2.5009999999999764,60.494,4.739,116.753,3.1430000000000007,0.0,-1.3020000000000067,0.85164330452219,-0.12068930569140245,-0.7550574440597904,Import-led,High,Imports
2016-08-26,495238,8917,698,16615,495.238,2.2760000000000105,62.419,4.886,116.305,1.9249999999999972,0.14700000000000024,-0.4479999999999933,0.5217599772088201,0.5242323712724182,-0.27998255745535683,Import-led,High,Exports
2016-09-02,480725,7069,501,16930,480.725,-14.512999999999977,49.483,3.507,118.51,-12.936,-1.379,2.2049999999999983,-3.347351551905003,-4.654138998172376,1.2239114612481548,Import-led,High,Exports
2016-09-09,480166,8062,418,16730,480.166,-0.5590000000000259,56.434,2.926,117.11,6.9510000000000005,-0.581,-1.4000000000000057,1.725724401072793,-1.8615192928162478,-0.8506500025802152,Import-led,High,Exports
2016-09-16,473966,8309,588,16587,473.966,-6.199999999999989,58.163,4.116,116.109,1.7289999999999992,1.1899999999999995,-1.0010000000000048,0.3975054854078811,3.359072555663791,-0.634989785051987,Import-led,High,Exports
2016-09-23,472084,7835,507,16334,472.084,-1.882000000000005,54.845,3.549,114.338,-3.317999999999998,-0.5669999999999997,-1.7710000000000008,-0.8434633426471333,-1.5864314502318746,-1.0973137556970964,Import-led,High,Exports
2016-09-30,469108,7710,440,16032,469.108,-2.975999999999999,53.97,3.08,112.224,-0.875,-0.46899999999999986,-2.11399999999999,-0.24332882899894215,-1.2649124585794795,-1.3291826866008436,Run-led,High,Runs
2016-10-07,473958,7861,481,15552,473.958,4.850000000000023,55.027,3.367,108.864,1.0570000000000022,0.2869999999999999,-3.3599999999999994,0.24919264836286004,0.8051325741822952,-2.021445971818782,Run-led,High,Runs
2016-10-14,468711,6907,439,15370,468.711,-5.247000000000014,48.349,3.073,107.59,-6.678000000000004,-0.29400000000000004,-1.274000000000001,-1.6289027827562526,-0.7709265633856583,-0.7561482180113963,Import-led,High,Imports
2016-10-21,468158,7016,415,15552,468.158,-0.5529999999999973,49.112,2.905,108.864,0.7630000000000052,-0.16800000000000015,1.274000000000001,0.1897552663144356,-0.42595668050160335,0.7644707210760329,Run-led,High,Runs
2016-10-28,482578,8995,404,15448,482.578,14.419999999999959,62.965,2.828,108.136,13.853000000000002,-0.07699999999999996,-0.7280000000000086,3.0406468969196587,-0.1734195444751662,-0.4180456760173399,Import-led,High,Imports
2016-11-04,485010,7442,410,15817,485.01,2.4320000000000164,52.094,2.87,110.719,-10.871000000000002,0.04200000000000026,2.5829999999999984,-2.3116493250588577,0.14913904386223922,1.534948322857959,Import-led,High,Imports
2016-11-11,490284,8423,481,16126,490.284,5.274000000000001,58.961,3.367,112.882,6.866999999999997,0.4969999999999999,2.163000000000011,1.394795942894947,1.3399582513638852,1.2571666042178102,Import-led,High,Imports
2016-11-18,489029,7578,469,16397,489.029,-1.2549999999999955,53.046,3.283,114.779,-5.914999999999999,-0.08400000000000007,1.8969999999999914,-1.2277083788377847,-0.23646422349761181,1.1081021115070164,Import-led,High,Imports
2016-11-25,488145,7548,474,16283,488.145,-0.8840000000000146,52.836,3.318,113.981,-0.21000000000000085,0.03500000000000014,-0.7980000000000018,-0.0379485990243253,0.0842891945374552,-0.43826470070736095,Mixed / Minor,Low,Runs
2016-12-02,485756,8303,499,16417,485.756,-2.38900000000001,58.121,3.493,114.919,5.285000000000004,0.17499999999999982,0.9380000000000024,1.0759157448014423,0.4537147790250965,0.5838034942798253,Import-led,High,Imports
2016-12-09,483193,7360,485,16474,483.193,-2.562999999999988,51.52,3.395,115.318,-6.600999999999999,-0.09799999999999986,0.3990000000000009,-1.3066187060689776,-0.27943996709685115,0.25123694147871173,Import-led,High,Imports
2016-12-16,485449,8471,557,16658,485.449,2.2560000000000286,59.297,3.899,116.606,7.776999999999994,0.504,1.2879999999999967,1.5311589750073973,1.3316250912095358,0.7580645873852966,Import-led,High,Imports
2016-12-23,486063,8167,627,16557,486.063,0.6139999999999759,57.169,4.389,115.899,-2.128,0.4900000000000002,-0.7069999999999936,-0.4366056376879022,1.2488499214547855,-0.4169881540805479,Import-led,High,Exports
2016-12-30,479012,7183,686,16689,479.012,-7.050999999999988,50.281,4.802,116.823,-6.887999999999998,0.41299999999999937,0.9239999999999924,-1.3585444002491693,1.0139697539939292,0.5511121375238666,Import-led,High,Imports
2017-01-06,483109,9052,727,17107,483.109,4.09699999999998,63.364,5.089,119.749,13.082999999999998,0.2870000000000008,2.926000000000002,2.4382516188547827,0.6672721199916456,1.6712053507584232,Import-led,High,Imports
2017-01-13,485456,8378,704,16468,485.456,2.347000000000037,58.646,4.928,115.276,-4.717999999999996,-0.16100000000000048,-4.472999999999999,-0.897853815778948,-0.489239912931437,-2.512435072300307,Import-led,Medium,Runs
2017-01-20,488296,7810,599,16047,488.296,2.839999999999975,54.67,4.193,112.329,-3.975999999999999,-0.7350000000000003,-2.9470000000000027,-0.7452478128041228,-1.9724743854423707,-1.7050236703454993,Import-led,Medium,Exports
2017-01-27,494762,8290,549,15947,494.762,6.466000000000008,58.03,3.843,111.629,3.3599999999999994,-0.34999999999999964,-0.6999999999999886,0.6266367727739167,-0.9497236828245686,-0.4222812545662519,Import-led,High,Exports
2017-02-03,508592,9372,567,15893,508.592,13.829999999999984,65.604,3.969,111.251,7.573999999999998,0.1259999999999999,-0.3780000000000001,1.362710110407329,0.2650527062479571,-0.24391487353381208,Import-led,High,Imports
2017-02-10,518119,8491,1026,15458,518.119,9.527000000000044,59.437,7.182,108.206,-6.167000000000002,3.2130000000000005,-3.0450000000000017,-1.165558031728519,5.304853270263466,-1.6798541941848062,Import-led,High,Exports
2017-02-17,518683,7286,1211,15271,518.683,0.5639999999999645,51.002,8.477,106.897,-8.434999999999995,1.295,-1.3089999999999975,-1.5252615661123992,1.9342110828211847,-0.7026751492589447,Import-led,High,Exports
2017-02-24,520184,7589,721,15664,520.184,1.5009999999999764,53.123,5.047,109.648,2.120999999999995,-3.4300000000000006,2.7509999999999906,0.4049580550308819,-4.425896500595101,1.5270981296427912,Export-led,Medium,Exports
2017-03-03,528393,8150,897,15492,528.393,8.20900000000006,57.05,6.279,108.444,3.9269999999999996,1.2320000000000002,-1.2039999999999935,0.7122230794681013,1.4502607883687342,-0.629094627677906,Import-led,High,Exports
2017-03-10,528156,7405,717,15472,528.156,-0.23700000000008004,51.835,5.019,108.304,-5.214999999999996,-1.2599999999999998,-0.14000000000000057,-0.935739038940171,-1.5848907472874805,-0.03812582548924815,Import-led,High,Exports
2017-03-17,533110,8307,550,15801,533.11,4.954000000000065,58.149,3.85,110.607,6.314,-1.169,2.3029999999999973,1.1372825419225239,-1.4176822380972742,1.2506161197168812,Import-led,High,Exports
2017-03-24,533977,8224,1010,16226,533.977,0.8669999999999618,57.568,7.07,113.582,-0.5810000000000031,3.22,2.9749999999999943,-0.11673231610233548,3.301510239897957,1.6122263985178158,Export-led,Medium,Exports
2017-03-31,535543,7850,575,16429,535.543,1.566000000000031,54.95,4.025,115.003,-2.617999999999995,-3.045,1.4210000000000065,-0.48908959117385165,-2.949636112888616,0.7699136206474491,Export-led,Medium,Exports
2017-04-07,533377,7878,689,16697,533.377,-2.1660000000000537,55.146,4.823,116.879,0.19599999999999795,0.798,1.8760000000000048,0.03731413720117848,0.7161642782333778,0.9864566109789163,Run-led,High,Runs
2017-04-14,532343,7810,565,16938,532.343,-1.0339999999999918,54.67,3.955,118.566,-0.4759999999999991,-0.8680000000000003,1.6869999999999976,-0.07772529738240125,-0.8506768196754795,0.8717737159507963,Run-led,High,Runs
2017-04-21,528702,8912,1152,17285,528.702,-3.6409999999999627,62.384,8.064,120.995,7.713999999999999,4.109,2.429000000000002,1.3595981842572598,3.3454557999831547,1.2324692983622567,Import-led,High,Exports
2017-04-28,527772,8264,538,17177,527.772,-0.92999999999995,57.848,3.766,120.239,-4.536000000000001,-4.298,-0.7560000000000002,-0.827977778177984,-3.2124048460674577,-0.5048480529199019,Import-led,Medium,Exports
2017-05-05,522525,7620,693,16759,522.525,-5.247000000000071,53.34,4.851,117.313,-4.507999999999996,1.085,-2.926000000000002,-0.8023222057072784,0.7722189574176797,-1.6181613695196715,Import-led,High,Runs
2017-05-12,520772,8590,1086,17122,520.772,-1.752999999999929,60.13,7.602,119.854,6.789999999999999,2.7510000000000003,2.540999999999997,1.1714361447819088,1.8934250404600452,1.2979902877685279,Import-led,High,Exports
2017-05-19,516340,8294,625,17281,516.34,-4.432000000000016,58.058,4.375,120.967,-2.0720000000000027,-3.2270000000000003,1.1129999999999995,-0.3874781235693516,-2.206135696364992,0.5197518478973302,Export-led,High,Exports
2017-05-26,509912,7985,1303,17510,509.912,-6.428000000000054,55.895,9.121,122.57,-2.1629999999999967,4.746,1.6029999999999944,-0.3846834520737933,2.873852674130701,0.7550800061203858,Export-led,High,Exports
2017-06-02,513207,8341,557,17227,513.207,3.295000000000016,58.387,3.899,120.589,2.4919999999999973,-5.222,-1.9809999999999945,0.42347469698277296,-2.947595865531852,-1.0973829043494405,Export-led,High,Exports
2017-06-09,511546,8025,722,17256,511.546,-1.6610000000000014,56.175,5.054,120.792,-2.2120000000000033,1.1550000000000002,0.20300000000000296,-0.3982359000740867,0.6306122016172002,0.04028919666594758,Import-led,High,Exports
2017-06-16,509095,7876,517,17152,509.095,-2.450999999999965,55.132,3.619,120.064,-1.0429999999999993,-1.435,-0.7280000000000086,-0.17162125507837006,-0.8022642643002155,-0.4296295099665831,Export-led,High,Exports
2017-06-23,509213,8016,528,16890,509.213,0.117999999999995,56.112,3.696,118.23,0.980000000000004,0.07699999999999996,-1.833999999999989,0.16478377887344814,0.04827534411349385,-0.975344874074986,Run-led,High,Runs
2017-06-30,502914,7742,768,17141,502.914,-6.299000000000035,54.194,5.376,119.987,-1.9179999999999993,1.6800000000000002,1.7569999999999908,-0.3323047790470906,0.9178258154853128,0.8822378715512971,Import-led,Medium,Exports
2017-07-07,495350,7610,918,17244,495.35,-7.5639999999999645,53.27,6.426,120.708,-0.9239999999999995,1.0499999999999998,0.7210000000000036,-0.16238859965694055,0.5559790209168047,0.3267101462612538,Export-led,Medium,Exports
2017-07-14,490623,7996,728,17119,490.623,-4.727000000000032,55.972,5.096,119.833,2.701999999999998,-1.33,-0.875,0.4942788158545392,-0.7399515155018369,-0.4789663848616601,Import-led,High,Exports
2017-07-21,483415,8044,1030,17285,483.415,-7.20799999999997,56.308,7.21,120.995,0.3359999999999985,2.114,1.1620000000000061,0.07076010484116889,1.121379626696177,0.566754075342632,Export-led,High,Exports
2017-07-28,481888,8253,702,17408,481.888,-1.5270000000000437,57.771,4.914,121.856,1.463000000000001,-2.2960000000000003,0.86099999999999,0.27828296041872563,-1.2287859577506322,0.42020179980259864,Export-led,High,Exports
2017-08-04,475437,7762,707,17574,475.437,-6.450999999999965,54.334,4.949,123.018,-3.4369999999999976,0.03500000000000014,1.1620000000000061,-0.6088778608203701,0.016545870030900203,0.5546051611913748,Import-led,High,Imports
2017-08-11,466492,8126,877,17565,466.492,-8.944999999999993,56.882,6.139,122.955,2.5479999999999947,1.1900000000000004,-0.06300000000000239,0.4639652437541025,0.6191627812733229,-0.08537109482501958,Import-led,High,Exports
2017-08-18,463165,8790,936,17461,463.165,-3.326999999999998,61.53,6.552,122.227,4.648000000000003,0.41299999999999937,-0.7279999999999944,0.836597991097598,0.20121849035684214,-0.45412040372896806,Import-led,High,Imports
2017-08-25,457773,7905,902,17725,457.773,-5.391999999999996,55.335,6.314,124.075,-6.195,-0.23799999999999955,1.847999999999999,-1.0835728487804723,-0.14123811018913057,0.9186935184805775,Import-led,High,Imports
2017-09-01,462353,7083,153,14472,462.353,4.579999999999984,49.581,1.071,101.304,-5.753999999999998,-5.243,-22.771,-1.07532153842482,-2.587462443596618,-6.12988022230686,Run-led,High,Runs
2017-09-08,468241,6480,774,14078,468.241,5.887999999999977,45.36,5.418,98.546,-4.221000000000004,4.347,-2.7579999999999956,-0.7573501897007218,2.0502780680522084,-0.6536225012352338,Export-led,Medium,Exports
2017-09-15,472832,7368,928,15172,472.832,4.591000000000008,51.576,6.496,106.204,6.216000000000001,1.0780000000000003,7.657999999999987,1.1832002045682706,0.49254998294784375,2.045868159902138,Run-led,Medium,Runs
2017-09-22,470986,7427,1491,16174,470.986,-1.8460000000000036,51.989,10.437,113.218,0.4129999999999967,3.940999999999999,7.01400000000001,0.08759335480140994,1.7615543226027859,1.7780724613842023,Run-led,High,Runs
2017-09-29,464963,7214,1984,16029,464.963,-6.022999999999968,50.498,13.888,112.203,-1.4909999999999997,3.4510000000000005,-1.0150000000000006,-0.2664838447986532,1.4684928769723256,-0.2569661580613654,Export-led,High,Exports
2017-10-06,462216,7617,1270,16258,462.216,-2.747000000000014,53.319,8.89,113.806,2.821000000000005,-4.997999999999999,1.6029999999999944,0.5326938689862372,-2.196875596584775,0.3841470124753918,Export-led,High,Exports
2017-10-13,456485,7483,1798,15439,456.485,-5.7309999999999945,52.381,12.586,108.073,-0.9380000000000024,3.6959999999999997,-5.733000000000004,-0.19247160507069128,1.4790409278652554,-1.434176764863361,Run-led,High,Exports
2017-10-20,457341,8123,1924,16025,457.341,0.8559999999999945,56.861,13.468,112.175,4.479999999999997,0.8819999999999997,4.102000000000004,0.8154988442813114,0.28563990001364103,0.9994754224959989,Import-led,Medium,Runs
2017-10-27,454906,7571,2133,16015,454.906,-2.4350000000000023,52.997,14.931,112.105,-3.863999999999997,1.4629999999999992,-0.06999999999999318,-0.7386085550127158,0.516331277442074,-0.03622896426213559,Import-led,High,Imports
2017-11-03,457143,7377,869,16305,457.143,2.2369999999999663,51.639,6.083,114.135,-1.357999999999997,-8.847999999999999,2.030000000000001,-0.28459631757342513,-3.305937591379656,0.4870656210014022,Export-led,High,Exports
2017-11-10,458997,7898,1129,16639,458.997,1.8540000000000418,55.286,7.903,116.473,3.6469999999999985,1.8199999999999994,2.337999999999994,0.7961004833964717,0.64046164614463,0.562343239321132,Import-led,High,Imports
2017-11-17,457142,7873,1591,16838,457.142,-1.8550000000000182,55.111,11.137,117.866,-0.17500000000000426,3.234000000000001,1.3930000000000007,-0.046714410931472064,1.1250511056765262,0.3308506816468203,Export-led,High,Exports
2017-11-24,453713,7329,1412,17003,453.713,-3.4289999999999736,51.303,9.884,119.021,-3.808,-1.2530000000000001,1.1550000000000011,-0.8166114689745064,-0.5020695561925175,0.2624277292055972,Import-led,High,Imports
2017-12-01,448103,7202,1358,17195,448.103,-5.610000000000014,50.414,9.506,120.365,-0.8889999999999958,-0.3780000000000001,1.343999999999994,-0.1622100127356878,-0.17963116469238574,0.30721119410162034,Run-led,High,Runs
2017-12-08,442986,7363,1086,16952,442.986,-5.117000000000019,51.541,7.602,118.664,1.1269999999999953,-1.904,-1.7009999999999934,0.25160637034078664,-0.7186018877948243,-0.4368118677181455,Export-led,Medium,Exports
2017-12-15,436491,7834,1858,17063,436.491,-6.4950000000000045,54.838,13.006,119.441,3.297000000000004,5.404,0.777000000000001,0.7746557569984905,1.8290529611931097,0.17887524557374035,Export-led,High,Exports
2017-12-22,431882,7993,1210,17398,431.882,-4.6089999999999804,55.951,8.47,121.786,1.1129999999999995,-4.536,2.344999999999999,0.26063660256123944,-1.5738577401661833,0.5510727976766016,Export-led,High,Exports
2017-12-29,424463,7966,1475,17608,424.463,-7.418999999999983,55.762,10.325,123.256,-0.18900000000000006,1.8549999999999986,1.4699999999999989,-0.06925551462833231,0.5944249618514083,0.3321915209167003,Export-led,Medium,Exports
2018-01-05,419515,7658,1015,17323,419.515,-4.948000000000036,53.606,7.105,121.261,-2.155999999999999,-3.219999999999999,-1.9950000000000045,-0.5119719987467031,-1.094377415699562,-0.5005787968410439,Export-led,High,Exports
2018-01-12,412654,7950,1249,16875,412.654,-6.86099999999999,55.65,8.743,118.125,2.043999999999997,1.638,-3.1359999999999957,0.5526892200411573,0.5240232892273212,-0.7940331322697401,Run-led,High,Runs
2018-01-19,411583,8041,1411,16483,411.583,-1.0709999999999695,56.287,9.877,115.381,0.6370000000000005,1.1340000000000003,-2.7439999999999998,0.16101945954539892,0.3430347505567288,-0.6979542301544979,Run-led,High,Runs
2018-01-26,418359,8430,1765,16013,418.359,6.775999999999954,59.01,12.355,112.091,2.722999999999999,2.4779999999999998,-3.2900000000000063,0.7205510324540391,0.7703300716633249,-0.816321599735111,Run-led,Medium,Runs
2018-02-02,420254,7892,1287,16797,420.254,1.8950000000000387,55.244,9.009,117.579,-3.7659999999999982,-3.346,5.4879999999999995,-0.9818173500302877,-1.131242926378858,1.3052232868105327,Run-led,High,Runs
2018-02-09,422095,7888,1322,16162,422.095,1.8410000000000082,55.216,9.254,113.134,-0.027999999999998693,0.24499999999999922,-4.444999999999993,0.015048376673176713,0.06812198093432524,-1.097342712843534,Run-led,High,Runs
2018-02-16,420479,7021,2044,15833,420.479,-1.6160000000000423,49.147,14.308,110.831,-6.069000000000003,5.054,-2.3029999999999973,-1.7550312148784808,1.6011391684285994,-0.5737285302921956,Import-led,Medium,Imports
2018-02-23,423498,7282,1445,15882,423.498,3.0190000000000055,50.974,10.115,111.174,1.8269999999999982,-4.193,0.3430000000000035,0.5440109169487674,-1.3816160667279216,0.0759654362994018,Export-led,High,Exports
2018-03-02,425906,8003,1498,15935,425.906,2.4080000000000155,56.021,10.486,111.545,5.047000000000004,0.37100000000000044,0.3709999999999951,1.4630694358071592,0.09353358549945884,0.07547423613345801,Import-led,High,Imports
2018-03-09,430928,7585,1487,16367,430.928,5.021999999999991,53.095,10.409,114.569,-2.926000000000002,-0.07699999999999996,3.024000000000001,-0.8651878067452958,-0.05835405152603478,0.7003632145143226,Run-led,Medium,Imports
2018-03-16,428306,7077,1573,16777,428.306,-2.622000000000014,49.539,11.011,117.439,-3.5559999999999974,0.6019999999999985,2.8699999999999903,-1.0191740061083823,0.1501926318553133,0.6595375409275979,Import-led,Medium,Imports
2018-03-23,429949,8148,1578,16795,429.949,1.643000000000029,57.036,11.046,117.565,7.497,0.03500000000000014,0.12600000000000477,2.15021228086363,-0.013547677871620544,0.011954026488509361,Import-led,High,Imports
2018-03-30,425332,7898,2175,16936,425.332,-4.617000000000019,55.286,15.225,118.552,-1.75,4.179,0.987000000000009,-0.504623453214799,1.2869533351064282,0.22243124386065807,Export-led,High,Exports
2018-04-06,428638,8650,1205,17019,428.638,3.305999999999983,60.55,8.435,119.133,5.263999999999996,-6.789999999999999,0.5809999999999889,1.4509755547164527,-2.125054292818064,0.13039487428992208,Export-led,Medium,Exports
2018-04-13,427567,7930,1749,16949,427.567,-1.0709999999999695,55.51,12.243,118.643,-5.039999999999999,3.808,-0.4899999999999949,-1.3942237935149233,1.11709062471342,-0.1193694989034454,Import-led,Medium,Imports
2018-04-20,429737,8469,2331,16621,429.737,2.170000000000016,59.283,16.317,116.347,3.7730000000000032,4.074,-2.2960000000000065,1.0945696148141388,1.1990408547337765,-0.5362604884945289,Export-led,Medium,Exports
2018-04-27,435955,8549,2148,16561,435.955,6.217999999999961,59.843,15.036,115.927,0.5600000000000023,-1.2810000000000006,-0.4199999999999875,0.15143505714404756,-0.4664432385323943,-0.08193378168302015,Export-led,High,Exports
2018-05-04,433758,7323,1877,16486,433.758,-2.1970000000000027,51.261,13.139,115.402,-8.582,-1.8970000000000002,-0.5250000000000057,-2.3772939296832694,-0.6382799192477835,-0.11923335583424272,Import-led,High,Imports
2018-05-11,432354,7601,2566,16635,432.354,-1.4039999999999964,53.207,17.962,116.445,1.945999999999998,4.823,1.0429999999999922,0.5985836158163182,1.41532231337705,0.27159422122751126,Export-led,High,Exports
2018-05-18,438132,8159,1748,16628,438.132,5.77800000000002,57.113,12.236,116.396,3.905999999999999,-5.725999999999999,-0.04899999999999238,1.1190302130653986,-1.7617544027973138,0.009539302415535482,Export-led,High,Exports
2018-05-25,434512,7631,2179,17155,434.512,-3.6200000000000045,53.417,15.253,120.085,-3.695999999999998,3.0169999999999995,3.688999999999993,-1.0330857464420493,0.8791264302642333,0.9102136436650812,Import-led,Medium,Imports
2018-06-01,436584,8346,1714,17369,436.584,2.0720000000000027,58.422,11.998,121.583,5.0049999999999955,-3.255000000000001,1.4980000000000047,1.3963950449018636,-1.0507213436299208,0.3605610286353358,Import-led,High,Imports
2018-06-08,432441,8099,2030,17505,432.441,-4.143000000000029,56.693,14.21,122.535,-1.7289999999999992,2.2120000000000015,0.9519999999999982,-0.48594405954431363,0.6253260898630084,0.22382350521719552,Export-led,Medium,Exports
2018-06-15,426527,8242,2374,17701,426.527,-5.913999999999987,57.694,16.618,123.907,1.0010000000000048,2.4079999999999977,1.3719999999999999,0.2659985192523109,0.6615426541790855,0.31612421628362763,Export-led,High,Exports
2018-06-22,416636,8356,3000,17816,416.636,-9.890999999999963,58.492,21.0,124.712,0.7979999999999947,4.3820000000000014,0.8050000000000068,0.2102897476137627,1.2226404909517006,0.16599706428319366,Export-led,High,Exports
2018-06-29,417881,9055,2336,17653,417.881,1.2449999999999477,63.385,16.352,123.571,4.893000000000001,-4.648,-1.1410000000000053,1.2999110423013063,-1.438866125087426,-0.2954192205239207,Import-led,Medium,Exports
2018-07-06,405248,7431,2027,17652,405.248,-12.632999999999981,52.017,14.189,123.564,-11.367999999999995,-2.1630000000000003,-0.007000000000005002,-2.8618661312074507,-0.6819434537055807,-0.015123161761474694,Import-led,High,Imports
2018-07-13,411084,9066,1461,17239,411.084,5.836000000000013,63.462,10.227,120.673,11.445,-3.9619999999999997,-2.890999999999991,2.6550841923840633,-1.1829611478335387,-0.7068095405055084,Import-led,High,Imports
2018-07-20,404937,7770,2683,17285,404.937,-6.146999999999991,54.39,18.781,120.995,-9.072000000000003,8.553999999999998,0.32200000000000273,-2.0331731635174433,2.302822110555107,0.07834310923334958,Import-led,Medium,Exports
2018-07-27,408740,7749,1310,17480,408.74,3.8029999999999973,54.243,9.17,122.36,-0.14699999999999847,-9.610999999999999,1.3649999999999949,-0.017832261582928915,-2.516051908956412,0.32953494926818483,Export-led,High,Exports
2018-08-03,407389,7931,1850,17598,407.389,-1.350999999999999,55.517,12.95,123.186,1.274000000000001,3.7799999999999994,0.8260000000000076,0.28329922524097695,0.9330398886460773,0.20012840285468075,Export-led,High,Exports
2018-08-10,414194,9014,1592,17981,414.194,6.805000000000007,63.098,11.144,125.867,7.580999999999996,-1.8059999999999992,2.6809999999999974,1.6482481365040405,-0.48864516996488844,0.6359140683847897,Import-led,High,Imports
2018-08-17,408358,7518,1155,17892,408.358,-5.836000000000013,52.626,8.085,125.244,-10.472000000000001,-3.0589999999999993,-0.6230000000000047,-2.1860106355471083,-0.7884676159962476,-0.16499354052050944,Import-led,High,Imports
2018-08-24,405792,7485,1779,17566,405.792,-2.566000000000031,52.395,12.453,122.962,-0.23099999999999454,4.3679999999999986,-2.2819999999999965,-0.037643421989244405,1.0724832212769724,-0.5470730740225525,Export-led,High,Exports
2018-08-31,401490,7714,1508,17647,401.49,-4.301999999999964,53.998,10.556,123.529,1.6029999999999944,-1.8970000000000002,0.5669999999999931,0.3322461150364963,-0.5330939959800325,0.053817266701094865,Export-led,Medium,Exports
2018-09-07,396194,7591,1828,17857,396.194,-5.295999999999992,53.137,12.796,124.999,-0.8609999999999971,2.24,1.4699999999999989,-0.22305241823502994,0.5425237424713552,0.3757817959712237,Export-led,High,Exports
2018-09-14,394137,8024,2367,17415,394.137,-2.0570000000000164,56.168,16.569,121.905,3.030999999999999,3.7729999999999997,-3.093999999999994,0.6586062497273106,0.9182249792021054,-1.415886229929495,Export-led,Medium,Runs
2018-09-21,395989,7802,2640,16514,395.989,1.8519999999999754,54.614,18.48,115.598,-1.554000000000002,1.9110000000000014,-6.307000000000002,-0.3586569725090314,0.4538487959269121,-2.670562640393487,Run-led,High,Runs
2018-09-28,403964,7965,1723,16591,403.964,7.975000000000023,55.755,12.061,116.137,1.1410000000000053,-6.4190000000000005,0.5390000000000015,0.2326049716325527,-1.6176843962974619,0.195094455209634,Export-led,High,Exports
2018-10-05,409951,7397,2576,16239,409.951,5.987000000000023,51.779,18.032,113.673,-3.975999999999999,5.971,-2.4639999999999986,-0.8791370024986276,1.4601452051564339,-1.0296274894293689,Export-led,High,Exports
2018-10-12,416441,7615,1782,16316,416.441,6.489999999999952,53.305,12.474,114.212,1.5259999999999962,-5.558,0.5390000000000015,0.33574756074769274,-1.3837108821242123,0.18709336347164568,Export-led,High,Exports
2018-10-19,422787,7678,2180,16268,422.787,6.346000000000004,53.746,15.26,113.876,0.4410000000000025,2.7859999999999996,-0.3359999999999985,0.11260840822256131,0.6824175167727008,-0.16922140618807802,Export-led,High,Exports
2018-10-26,426004,7344,2485,16417,426.004,3.2170000000000414,51.408,17.395,114.919,-2.338000000000001,2.135,1.0429999999999922,-0.5211509324710831,0.5170197321841612,0.45293033916521236,Import-led,Medium,Imports
2018-11-02,431787,7539,2405,16408,431.787,5.782999999999959,52.773,16.835,114.856,1.365000000000002,-0.5599999999999987,-0.06300000000000239,0.3033622586520915,-0.19976128489614273,-0.035497367846815224,Import-led,High,Imports
2018-11-09,442057,7452,2050,16432,442.057,10.270000000000039,52.164,14.35,115.024,-0.6090000000000018,-2.485000000000001,0.16800000000000637,-0.12480372284452405,-0.6777698485425031,0.09150531734431241,Export-led,High,Exports
2018-11-16,446908,7554,1969,16855,446.908,4.850999999999999,52.878,13.783,117.985,0.7139999999999986,-0.5670000000000002,2.9609999999999985,0.1720373886433146,-0.16153174242968862,1.3623901602190045,Run-led,High,Runs
2018-11-23,450485,8162,2442,17553,450.485,3.576999999999998,57.134,17.094,122.871,4.256,3.3110000000000017,4.885999999999996,0.940361599192644,0.8246385510490387,2.1198550190364878,Run-led,Medium,Runs
2018-11-30,443162,7219,3203,17487,443.162,-7.323000000000036,50.533,22.421,122.409,-6.600999999999999,5.326999999999998,-0.4619999999999891,-1.4666568382132703,1.297981053860204,-0.22143105030937046,Import-led,Medium,Imports
2018-12-07,441954,7393,2274,17436,441.954,-1.20799999999997,51.751,15.918,122.052,1.2179999999999964,-6.503,-0.3569999999999993,0.2696053284506324,-1.6603280076789393,-0.18751360067870632,Export-led,High,Exports
2018-12-14,441457,7423,2325,17408,441.457,-0.4970000000000141,51.961,16.275,121.856,0.21000000000000085,0.3569999999999993,-0.19600000000001216,0.059241220842062764,0.0745751133434493,-0.10778403807016916,Mixed / Minor,Low,Runs
2018-12-21,441411,7656,2969,17350,441.411,-0.04599999999999227,53.592,20.783,121.45,1.6310000000000002,4.508000000000003,-0.4059999999999917,0.37402343284213335,1.0849543083368887,-0.1794511056455753,Export-led,High,Exports
2018-12-28,441418,7392,2237,17760,441.418,0.007000000000005002,51.744,15.659,124.32,-1.847999999999999,-5.1240000000000006,2.8699999999999903,-0.3944668815057667,-1.3069747412088677,1.2647985550383372,Export-led,High,Exports
2019-01-04,439738,7846,2065,17566,439.738,-1.6800000000000068,54.922,14.455,122.962,3.1779999999999973,-1.2040000000000006,-1.3579999999999899,0.7003780470656703,-0.33837944775887724,-0.6198857010522993,Import-led,High,Imports
2019-01-11,437055,7527,2966,17223,437.055,-2.6829999999999927,52.689,20.762,120.561,-2.232999999999997,6.307,-2.4009999999999962,-0.48325901178201514,1.4957454120211522,-1.0999658393461889,Export-led,High,Exports
2019-01-18,445025,8191,2035,17049,445.025,7.96999999999997,57.337,14.245,119.343,4.648000000000003,-6.517000000000001,-1.2180000000000035,1.0172977839423898,-1.5844971171133018,-0.5888716555574933,Export-led,High,Exports
2019-01-25,445944,7083,1944,16463,445.944,0.9190000000000396,49.581,13.608,115.241,-7.756,-0.6369999999999987,-4.102000000000004,-1.6262191188339008,-0.15917493696262391,-1.8709444668672703,Import-led,High,Runs
2019-02-01,447207,7146,2870,16633,447.207,1.2629999999999768,50.022,20.09,116.431,0.4409999999999954,6.481999999999999,1.1899999999999977,0.11691741075107351,1.4855284354271965,0.5784643254424288,Export-led,High,Exports
2019-02-08,450840,6210,2364,15768,450.84,3.6329999999999814,43.47,16.548,110.376,-6.552,-3.5420000000000016,-6.054999999999993,-1.3413012639691542,-0.8660134276515249,-2.76276405213881,Import-led,Medium,Runs
2019-02-15,454512,7522,3607,15711,454.512,3.6720000000000255,52.654,25.249,109.977,9.184000000000005,8.701,-0.3990000000000009,1.891766039201323,1.9459390677694304,-0.17796683169886235,Import-led,Medium,Exports
2019-02-22,445865,5917,3359,15890,445.865,-8.646999999999991,41.419,23.513,111.23,-11.235000000000007,-1.735999999999997,1.2530000000000001,-2.184057448839715,-0.46066454065551043,0.5805653742356495,Import-led,High,Imports
2019-03-01,452934,7001,2803,15990,452.934,7.069000000000017,49.007,19.621,111.93,7.588000000000001,-3.892000000000003,0.7000000000000028,1.5073923005252776,-0.9317134077302826,0.32094728977139586,Import-led,High,Imports
2019-03-08,449072,6746,2546,16020,449.072,-3.862000000000023,47.222,17.822,112.14,-1.7849999999999966,-1.7989999999999995,0.20999999999999375,-0.32698334403189255,-0.4438581334848596,0.12133565492740792,Export-led,Medium,Exports
2019-03-15,439483,6932,3392,16198,439.483,-9.588999999999999,48.524,23.744,113.386,1.3019999999999996,5.922000000000001,1.2459999999999951,0.2594373916441226,1.2766662592301412,0.6354240850575602,Export-led,High,Exports
2019-03-22,442283,6540,2886,15831,442.283,2.8000000000000114,45.78,20.202,110.817,-2.7439999999999998,-3.541999999999998,-2.5690000000000026,-0.5060659327509541,-0.8303518666019728,-1.1550960777062684,Export-led,Medium,Runs
2019-03-29,449521,6763,2723,15849,449.521,7.2379999999999995,47.341,19.061,110.943,1.561,-1.1410000000000018,0.12600000000000477,0.3430557477203229,-0.2732817137659313,0.1293006683180773,Import-led,High,Imports
2019-04-05,456550,6599,2349,16100,456.55,7.028999999999996,46.193,16.443,112.7,-1.1480000000000032,-2.6179999999999986,1.757000000000005,-0.17656544025155768,-0.6364292674040847,0.88696858447006,Export-led,High,Runs
2019-04-12,455154,5992,2401,16078,455.154,-1.396000000000015,41.944,16.807,112.546,-4.248999999999995,0.3639999999999972,-0.15399999999999636,-0.8098730893906342,0.06386874184499072,-0.01733690923762059,Import-led,High,Imports
2019-04-19,460633,7149,2681,16583,460.633,5.478999999999985,50.043,18.767,116.081,8.098999999999997,1.9600000000000009,3.5349999999999966,1.6457013347180174,0.44520745562539366,1.6418638654493893,Import-led,High,Imports
2019-04-26,470567,7414,2611,16446,470.567,9.934000000000026,51.898,18.277,115.122,1.855000000000004,-0.48999999999999844,-0.9590000000000032,0.39867086014591,-0.12865100915497268,-0.4369190206483468,Import-led,High,Runs
2019-05-03,466604,6693,2322,16405,466.604,-3.9630000000000223,46.851,16.254,114.835,-5.047000000000004,-2.0229999999999997,-0.28700000000000614,-1.0038434717058207,-0.48502997931368097,-0.12790317754697933,Import-led,High,Imports
2019-05-10,472035,7612,3347,16676,472.035,5.43100000000004,53.284,23.429,116.732,6.433,7.174999999999997,1.8970000000000056,1.2817061867110355,1.6224754771219374,0.8716388600202954,Export-led,Medium,Exports
2019-05-17,476775,6943,2922,16578,476.775,4.739999999999952,48.601,20.454,116.046,-4.683,-2.974999999999998,-0.6859999999999928,-0.8987848655312375,-0.7283401921860699,-0.31271907573757446,Import-led,High,Imports
2019-05-24,476493,6862,3317,16767,476.493,-0.28199999999998226,48.034,23.219,117.369,-0.5670000000000002,2.7650000000000006,1.3229999999999933,-0.09262566859421519,0.6076132077993077,0.6495228095373594,Export-led,High,Runs
2019-05-31,483264,7927,3298,16938,483.264,6.771000000000015,55.489,23.086,118.566,7.454999999999998,-0.13300000000000267,1.1970000000000027,1.4832882899845816,-0.08105310506697151,0.5938443990774943,Import-led,High,Imports
2019-06-07,485470,7611,3122,17064,485.47,2.2060000000000173,53.277,21.854,119.448,-2.211999999999996,-1.2319999999999993,0.8819999999999908,-0.42353606934613336,-0.3231966857999835,0.4455646886800119,Import-led,High,Runs
2019-06-14,482364,7467,3422,17264,482.364,-3.1060000000000514,52.269,23.954,120.848,-1.0080000000000027,2.1000000000000014,1.4000000000000057,-0.1783462861388069,0.4594351383244365,0.6903655825048464,Export-led,High,Runs
2019-06-21,469576,6656,3770,17337,469.576,-12.787999999999954,46.592,26.39,121.359,-5.677,2.436,0.5109999999999957,-1.063346412702889,0.5508286913854709,0.2725900791908283,Import-led,High,Imports
2019-06-28,468491,7585,2990,17290,468.491,-1.0850000000000364,53.095,20.93,121.03,6.503,-5.460000000000001,-0.3289999999999935,1.298649610939534,-1.3043252174198594,-0.1330150963597751,Import-led,Medium,Exports
2019-07-05,458992,7302,3048,17438,458.992,-9.498999999999967,51.114,21.336,122.066,-1.9810000000000016,0.4059999999999988,1.0360000000000014,-0.3991073989464786,0.06331197730146845,0.5043129408076364,Import-led,High,Runs
2019-07-12,455876,6832,2534,17267,455.876,-3.1160000000000423,47.824,17.738,120.869,-3.289999999999999,-3.597999999999999,-1.1970000000000027,-0.6408342353406318,-0.8836492479721806,-0.5775153838922122,Export-led,Medium,Exports
2019-07-19,445041,7028,3292,17034,445.041,-10.83499999999998,49.196,23.044,119.238,1.3719999999999999,5.306000000000001,-1.6310000000000002,0.32697095685686933,1.2644564368684894,-0.7638712155498881,Export-led,High,Exports
2019-07-26,436545,6663,2574,16991,436.545,-8.495999999999981,46.641,18.018,118.937,-2.5549999999999997,-5.026,-0.30100000000000193,-0.5335787166289788,-1.3101318664946993,-0.11296436989609383,Export-led,High,Exports
2019-08-02,438930,7148,1865,17777,438.93,2.384999999999991,50.036,13.055,124.439,3.395000000000003,-4.963000000000001,5.501999999999995,0.7715161112633648,-1.2427115888107656,2.4701193114675917,Run-led,Medium,Runs
2019-08-09,440510,7714,2683,17302,440.51,1.579999999999984,53.998,18.781,121.114,3.961999999999996,5.725999999999999,-3.3249999999999886,0.9309970667599271,1.3726791173771808,-1.448142190377509,Export-led,High,Runs
2019-08-16,437778,7218,2803,17702,437.778,-2.731999999999971,50.526,19.621,123.914,-3.471999999999994,0.8399999999999999,2.799999999999997,-0.811970138918699,0.15300829074546252,1.2463169571925905,Import-led,Medium,Runs
2019-08-23,427751,5928,3019,17408,427.751,-10.027000000000044,41.496,21.133,121.856,-9.030000000000001,1.5120000000000005,-2.058000000000007,-2.001737456900462,0.3361210588197012,-0.9000219028506609,Import-led,High,Imports
2019-08-30,422980,6904,3061,17381,422.98,-4.770999999999958,48.328,21.427,121.667,6.832000000000001,0.2940000000000005,-0.18899999999999295,1.540035069917368,0.021282789908149757,-0.06773763906995338,Import-led,High,Imports
2019-09-06,416068,6725,3295,17495,416.068,-6.912000000000035,47.075,23.065,122.465,-1.2530000000000001,1.6380000000000017,0.7980000000000018,-0.25205255369165813,0.36139561924964086,0.3755419917718091,Export-led,Medium,Runs
2019-09-13,417126,7050,3175,16707,417.126,1.0579999999999927,49.35,22.225,116.949,2.2749999999999986,-0.8399999999999999,-5.516000000000005,0.5347474227054593,-0.2398259517660937,-2.314406473340848,Run-led,High,Runs
2019-09-20,419538,6378,2983,16513,419.538,2.4120000000000346,44.646,20.881,115.591,-4.704000000000001,-1.3440000000000012,-1.358000000000004,-0.9938808104537369,-0.3516978044949583,-0.6229570643763153,Import-led,High,Imports
2019-09-27,422642,6291,2867,16017,422.642,3.103999999999985,44.037,20.069,112.119,-0.6090000000000018,-0.8120000000000012,-3.471999999999994,-0.08457042097233457,-0.25103842263967985,-1.5218697437410487,Run-led,High,Runs
2019-10-04,425569,6224,3401,15656,425.569,2.927000000000021,43.568,23.807,109.592,-0.4690000000000012,3.7379999999999995,-2.527000000000001,-0.06904636705942245,0.9559912139641977,-1.0970215366642988,Export-led,High,Runs
2019-10-11,434850,6295,3248,15436,434.85,9.281000000000006,44.065,22.736,108.052,0.4969999999999999,-1.070999999999998,-1.539999999999992,0.14992069248946377,-0.3416331021634239,-0.6348135703815454,Run-led,High,Runs
2019-10-18,433151,5857,3683,15865,433.151,-1.6990000000000123,40.999,25.781,111.055,-3.0659999999999954,3.044999999999998,3.003,-0.6244829815547269,0.7649181295578668,1.3406431690422251,Import-led,Medium,Runs
2019-10-25,438853,6697,3327,15998,438.853,5.701999999999998,46.879,23.289,111.986,5.8799999999999955,-2.4919999999999973,0.9309999999999974,1.3012392522530605,-0.6995134083241498,0.4331799096041833,Import-led,High,Imports
2019-11-01,446782,6077,2371,15761,446.782,7.928999999999974,42.539,16.597,110.327,-4.339999999999996,-6.692,-1.659000000000006,-0.8971038186371261,-1.7408427591851572,-0.6863485969235362,Export-led,High,Exports
2019-11-08,449001,5750,2633,15916,449.001,2.218999999999994,40.25,18.431,111.412,-2.2890000000000015,1.8339999999999996,1.085000000000008,-0.4451670949134803,0.45794313953411464,0.5028651414765335,Import-led,Medium,Runs
2019-11-15,450380,5972,3027,16435,450.38,1.379000000000019,41.804,21.189,115.045,1.554000000000002,2.757999999999999,3.6329999999999956,0.381465296313868,0.6793347036484988,1.593772428242351,Run-led,Medium,Runs
2019-11-22,451952,6190,3480,16334,451.952,1.5720000000000027,43.33,24.36,114.338,1.5259999999999962,3.1709999999999994,-0.7070000000000078,0.389810744697785,0.7877533529608415,-0.24584663522221364,Export-led,High,Exports
2019-11-29,447096,5989,3135,16798,447.096,-4.8559999999999945,41.923,21.945,117.586,-1.4069999999999965,-2.414999999999999,3.2480000000000047,-0.2751999539547549,-0.6343306136164265,1.479605786431305,Run-led,Medium,Runs
2019-12-06,447918,6887,3400,16597,447.918,0.8220000000000027,48.209,23.8,116.179,6.286000000000001,1.8550000000000004,-1.4069999999999965,1.3827054097323621,0.461909648901422,-0.5713383791862281,Import-led,High,Imports
2019-12-13,446833,6579,3633,16562,446.833,-1.0849999999999795,46.053,25.431,115.934,-2.156000000000006,1.6310000000000002,-0.24500000000000455,-0.4435801550433637,0.3939247782518522,-0.057887487873887665,Import-led,Medium,Imports
2019-12-20,441359,6809,3397,16980,441.359,-5.474000000000046,47.663,23.779,118.86,1.6099999999999994,-1.652000000000001,2.926000000000002,0.3744478263909068,-0.46835272274559253,1.2919286980270361,Run-led,High,Runs
2019-12-27,429896,6352,4462,17283,429.896,-11.462999999999965,44.464,31.234,120.981,-3.198999999999998,7.455000000000002,2.120999999999995,-0.6624177557365942,1.925399579550315,0.955471171645766,Export-led,High,Exports
2020-01-03,431060,6730,3064,16897,431.06,1.1639999999999873,47.11,21.448,118.279,2.646000000000001,-9.786000000000001,-2.701999999999998,0.6064233520525408,-2.501019877117331,-1.1309832461770764,Export-led,High,Exports
2020-01-10,428511,6552,3481,16973,428.511,-2.548999999999978,45.864,24.367,118.811,-1.2460000000000022,2.9190000000000005,0.5320000000000107,-0.24211032659921602,0.7325092246210597,0.24726847446273598,Export-led,High,Exports
2020-01-17,428106,6432,3414,16857,428.106,-0.40500000000002956,45.024,23.898,117.999,-0.8399999999999963,-0.4690000000000012,-0.8120000000000118,-0.13242131261224754,-0.17326101475855676,-0.3441735080902999,Mixed / Minor,Low,Runs
2020-01-24,431654,6660,3509,15924,431.654,3.548000000000002,46.62,24.563,111.468,1.5959999999999965,0.6649999999999991,-6.530999999999992,0.37265361856305673,0.12028554288242582,-2.7005971333157444,Run-led,High,Runs
2020-01-31,435009,6615,3413,15972,435.009,3.355000000000018,46.305,23.891,111.804,-0.3149999999999977,-0.6720000000000006,0.3359999999999985,-0.05490634562161065,-0.2028565992813037,0.17814632047618073,Mixed / Minor,Low,Exports
2020-02-07,442468,6978,2970,16020,442.468,7.459000000000003,48.846,20.79,112.14,2.540999999999997,-3.100999999999999,0.3359999999999985,0.559965372040085,-0.8683681671424209,0.13534785476246494,Export-led,Medium,Exports
2020-02-14,442883,6547,3564,16210,442.883,0.4149999999999636,45.829,24.948,113.47,-3.016999999999996,4.158000000000001,1.3299999999999983,-0.690459386398041,1.187543317569608,0.5642279438705249,Export-led,High,Exports
2020-02-21,443335,6217,3657,16008,443.335,0.4519999999999982,43.519,25.599,112.056,-2.3100000000000023,0.6509999999999998,-1.4140000000000015,-0.6045847879725266,0.17460124552954945,-0.6380566012574623,Import-led,High,Runs
2020-02-28,444119,6238,4154,15696,444.119,0.7840000000000487,43.666,29.078,109.872,0.14699999999999847,3.478999999999999,-2.1839999999999975,0.06679597481744239,0.9459298610245218,-0.9491331262818683,Export-led,High,Runs
2020-03-06,451783,6412,3410,15701,451.783,7.663999999999987,44.884,23.87,109.907,1.2180000000000035,-5.207999999999998,0.03499999999999659,0.3381316150866207,-1.4977136828925108,0.034501480496037996,Export-led,High,Exports
2020-03-13,453737,6539,4378,15820,453.737,1.9540000000000077,45.773,30.646,110.74,0.8890000000000029,6.776,0.8329999999999984,0.2523427990138878,1.8535097872343664,0.39193135234982396,Export-led,High,Exports
2020-03-20,455360,6117,3850,15838,455.36,1.6229999999999905,42.819,26.95,110.866,-2.9540000000000006,-3.6960000000000015,0.12600000000000477,-0.7755024254719272,-1.0664715979853248,0.05615549268201067,Export-led,Medium,Exports
2020-03-27,469193,6047,3155,14898,469.193,13.83299999999997,42.329,22.085,104.286,-0.490000000000002,-4.864999999999998,-6.579999999999998,-0.10555177967829435,-1.348879919481154,-2.681025144486492,Run-led,High,Runs
2020-04-03,484370,5874,2833,13634,484.37,15.177000000000021,41.118,19.831,95.438,-1.2109999999999985,-2.2540000000000013,-8.847999999999999,-0.2985413246821879,-0.6362699261114325,-3.1803124067844895,Run-led,High,Runs
2020-04-10,503618,5680,3436,12665,503.618,19.24799999999999,39.76,24.052,88.655,-1.358000000000004,4.221,-6.783000000000001,-0.3568625033574541,1.1061185007606016,-2.2400484164265335,Run-led,High,Runs
2020-04-17,518640,4937,2890,12456,518.64,15.021999999999991,34.559,20.23,87.192,-5.2010000000000005,-3.821999999999999,-1.463000000000008,-1.3729244470110498,-1.0346675315535114,-0.32773206769004065,Import-led,High,Imports
2020-04-24,527631,5302,3302,12761,527.631,8.990999999999985,37.114,23.114,89.327,2.5549999999999997,2.8840000000000003,2.135000000000005,0.7928907771299204,0.7459958871462735,0.9419674005623425,Export-led,Medium,Runs
2020-05-01,532221,5712,3546,12976,532.221,4.590000000000032,39.984,24.822,90.832,2.8700000000000045,1.7079999999999984,1.5049999999999955,0.8474190365518678,0.41310600865668456,0.700653479234175,Import-led,High,Imports
2020-05-08,531476,5391,3525,12383,531.476,-0.7450000000000045,37.737,24.675,86.681,-2.247,-0.14699999999999847,-4.150999999999996,-0.5679540341939517,-0.047464819324572124,-1.261533659888259,Run-led,High,Runs
2020-05-15,526494,5197,3239,12903,526.494,-4.981999999999971,36.379,22.673,90.321,-1.358000000000004,-2.0020000000000024,3.6400000000000006,-0.3325180710795378,-0.5697887823840898,1.4297019039672456,Run-led,High,Runs
2020-05-22,534422,7200,3176,12991,534.422,7.927999999999997,50.4,22.232,90.937,14.021,-0.44099999999999895,0.6159999999999997,3.572008693107986,-0.11826997397829195,0.3897148355703443,Import-led,High,Imports
2020-05-29,532345,6179,2794,13307,532.345,-2.076999999999998,43.253,19.558,93.149,-7.1469999999999985,-2.6739999999999995,2.2120000000000033,-1.7748467830110286,-0.72651260182057,0.9312717822541063,Import-led,High,Imports
2020-06-05,538065,6864,2439,13484,538.065,5.720000000000027,48.048,17.073,94.388,4.795000000000002,-2.4849999999999994,1.2390000000000043,1.240826303079744,-0.6648542721067264,0.5926377246929205,Import-led,High,Imports
2020-06-12,539280,6642,2462,13600,539.28,1.2149999999999181,46.494,17.234,95.2,-1.554000000000002,0.16100000000000136,0.8119999999999976,-0.36543239788570436,0.08092902290312484,0.45046752469005025,Import-led,High,Runs
2020-06-19,540722,6540,3157,13840,540.722,1.4420000000000073,45.78,22.099,96.88,-0.7139999999999986,4.864999999999998,1.6799999999999926,-0.18043193292223358,1.3607850235730619,0.7391007931190149,Export-led,High,Exports
2020-06-26,533527,5969,3092,14033,533.527,-7.194999999999936,41.783,21.644,98.231,-3.997,-0.45500000000000185,1.350999999999999,-0.9953603667755233,-0.13181378206248506,0.6126411834652891,Import-led,High,Imports
2020-07-03,539181,7394,2387,14347,539.181,5.653999999999996,51.758,16.709,100.429,9.975000000000001,-4.934999999999999,2.1980000000000075,2.464609243523782,-1.3383112818679759,0.8901267967105674,Import-led,High,Imports
2020-07-10,531688,5567,2543,14309,531.688,-7.493000000000052,38.969,17.801,100.163,-12.789000000000001,1.0919999999999987,-0.26600000000000534,-2.8719470753391985,0.30382751843649486,0.04504378367267472,Import-led,High,Imports
2020-07-17,536580,5941,2993,14206,536.58,4.892000000000053,41.587,20.951,99.442,2.618000000000002,3.150000000000002,-0.7210000000000036,0.6274376223801503,0.9012543984894337,-0.11614734647211096,Export-led,Medium,Exports
2020-07-24,525969,5146,3211,14595,525.969,-10.61099999999999,36.022,22.477,102.165,-5.565000000000005,1.5259999999999998,2.723000000000013,-1.2026510583909271,0.414477842536983,1.0284050120410781,Import-led,High,Imports
2020-07-31,518596,6010,2819,14637,518.596,-7.373000000000047,42.07,19.733,102.459,6.048000000000002,-2.7439999999999998,0.29399999999999693,1.37367740263684,-0.8386873797253257,0.2517884707690719,Import-led,High,Imports
2020-08-07,514084,5621,3143,14658,514.084,-4.512000000000057,39.347,22.001,102.606,-2.722999999999999,2.2680000000000007,0.14699999999999136,-0.5437164738949397,0.6591667423991907,0.1784955266525349,Import-led,Medium,Exports
2020-08-14,512452,5730,2137,14487,512.452,-1.6319999999999482,40.11,14.959,101.409,0.7629999999999981,-7.042000000000002,-1.1969999999999885,0.21553924307258576,-1.994126210936544,-0.27449095888893704,Export-led,High,Exports
2020-08-21,507763,5916,3363,14712,507.763,-4.689000000000021,41.412,23.541,102.984,1.3019999999999996,8.582,1.5749999999999886,0.3034958850731409,2.31794292574575,0.6950688549957884,Export-led,High,Exports
2020-08-28,498401,4900,3002,13868,498.401,-9.361999999999966,34.3,21.014,97.076,-7.112000000000002,-2.527000000000001,-5.908000000000001,-1.5928442993054757,-0.6809253192916772,-1.8793752941417632,Import-led,Medium,Runs
2020-09-04,500434,5423,2944,12779,500.434,2.0330000000000155,37.961,20.608,89.453,3.6610000000000014,-0.4059999999999988,-7.6229999999999905,0.8864893419834416,-0.09715683284760948,-2.290581641047374,Run-led,High,Runs
2020-09-11,496045,5008,2595,13488,496.045,-4.38900000000001,35.056,18.165,94.416,-2.905000000000001,-2.4430000000000014,4.962999999999994,-0.6074737781308824,-0.6381510531632948,1.7588383405810182,Run-led,High,Runs
2020-09-18,494406,5168,3022,13370,494.406,-1.63900000000001,36.176,21.154,93.59,1.1200000000000045,2.9890000000000008,-0.8259999999999934,0.299187007156519,0.8008910747958841,-0.13141616092919192,Export-led,High,Exports
2020-09-25,492426,5122,3512,13670,492.426,-1.9800000000000182,35.854,24.584,95.69,-0.32200000000000273,3.4299999999999997,2.0999999999999943,-0.038398731839818595,0.8906509443249894,0.790928864309258,Export-led,High,Exports
2020-10-02,492927,5732,2659,13853,492.927,0.5010000000000332,40.124,18.613,96.971,4.270000000000003,-5.971,1.281000000000006,1.0012323372107308,-1.5411744821011841,0.5002088170741376,Export-led,High,Exports
2020-10-09,489109,5286,2135,13577,489.109,-3.8180000000000405,37.002,14.945,95.039,-3.122,-3.6679999999999993,-1.9320000000000022,-0.6863664245440451,-0.9163354861295624,-0.5514102470446182,Export-led,Medium,Exports
2020-10-16,488107,5118,3036,13026,488.107,-1.0019999999999527,35.826,21.252,91.182,-1.176000000000002,6.306999999999999,-3.8569999999999993,-0.24841221854686835,1.6317915726662466,-1.1375013637146012,Export-led,High,Exports
2020-10-23,492427,5664,3460,13388,492.427,4.319999999999993,39.648,24.22,93.716,3.8220000000000027,2.968,2.533999999999992,0.9239547378680761,0.7514460337442767,0.9379234255808612,Import-led,Medium,Runs
2020-10-30,484429,5029,2265,13552,484.429,-7.998000000000047,35.203,15.855,94.864,-4.445,-8.364999999999998,1.1480000000000103,-1.0034534890848965,-2.0937978059746913,0.46964885165348436,Export-led,High,Exports
2020-11-06,488706,5499,2765,13447,488.706,4.277000000000044,38.493,19.355,94.129,3.289999999999999,3.5,-0.7349999999999994,0.7722414081029324,0.8683676240060025,-0.13107196192048384,Export-led,Medium,Exports
2020-11-13,489475,5254,2748,13841,489.475,0.7690000000000055,36.778,19.236,96.887,-1.7150000000000034,-0.11899999999999977,2.7579999999999956,-0.3759829673629069,-0.020404736888765467,1.0180691051602258,Run-led,High,Runs
2020-11-20,488721,5228,2831,14263,488.721,-0.7540000000000191,36.596,19.817,99.841,-0.18200000000000216,0.5809999999999995,2.9539999999999935,-0.012214431348420528,0.16849821037210902,1.0476782181893942,Run-led,High,Runs
2020-11-27,488042,5399,3456,14012,488.042,-0.6790000000000305,37.793,24.192,98.084,1.1970000000000027,4.375,-1.7569999999999908,0.29696771897994434,1.0829213573759142,-0.4528985058882861,Export-led,High,Exports
2020-12-04,503231,6479,1834,14436,503.231,15.189000000000021,45.353,12.838,101.052,7.560000000000002,-11.354000000000001,2.9680000000000035,1.7551472215600372,-2.5965289506292466,1.0572220864628668,Export-led,High,Exports
2020-12-11,500096,5424,2627,14183,500.096,-3.134999999999991,37.968,18.389,99.281,-7.384999999999998,5.551,-1.7710000000000008,-1.6255218698242004,1.3046841885591192,-0.4696007123139879,Import-led,Medium,Imports
2020-12-18,499534,5564,3099,14014,499.534,-0.5620000000000118,38.948,21.693,98.098,0.9799999999999969,3.304000000000002,-1.183000000000007,0.25826638611370845,0.7637071019885646,-0.25636855597853914,Export-led,High,Exports
2020-12-25,493469,5326,3625,14287,493.469,-6.064999999999998,37.282,25.375,100.009,-1.666000000000004,3.6819999999999986,1.9110000000000014,-0.3450498553337178,0.8861172809065113,0.7578478114695737,Export-led,High,Exports
2021-01-01,485459,5369,3632,14376,485.459,-8.009999999999991,37.583,25.424,100.632,0.30100000000000193,0.04899999999999949,0.6230000000000047,0.10977340864147397,-0.006767154255082681,0.31662054778299775,Mixed / Minor,Low,Runs
2021-01-08,482211,6239,3011,14650,482.211,-3.2479999999999905,43.673,21.077,102.55,6.090000000000003,-4.346999999999998,1.9179999999999922,1.3648485150112952,-1.0490897614023318,0.7305837091819711,Import-led,High,Imports
2021-01-15,486563,6045,2251,14760,486.563,4.351999999999975,42.315,15.757,103.32,-1.358000000000004,-5.320000000000002,0.769999999999996,-0.29050541838795474,-1.2449104774618824,0.34431995886720734,Export-led,High,Exports
2021-01-22,476653,5064,3355,14721,476.653,-9.909999999999968,35.448,23.485,103.047,-6.866999999999997,7.728,-0.27299999999999613,-1.4503094015691598,1.8069315761774507,-0.03795966169941299,Export-led,Medium,Exports
2021-01-29,475659,6507,3483,14641,475.659,-0.9940000000000282,45.549,24.381,102.487,10.100999999999999,0.8960000000000008,-0.5600000000000023,2.105420138617914,0.20670079623310658,-0.13018277848402532,Import-led,High,Imports
2021-02-05,469014,5857,2617,14793,469.014,-6.644999999999982,40.999,18.319,103.551,-4.549999999999997,-6.062000000000001,1.0640000000000072,-0.9105739672305013,-1.382480494563901,0.4195734700057934,Export-led,Medium,Exports
2021-02-12,461757,5898,3862,14819,461.757,-7.257000000000005,41.286,27.034,103.733,0.28699999999999903,8.715,0.18200000000000216,0.07775969277999999,1.936003794612731,0.12635136336904607,Export-led,High,Exports
2021-02-19,463042,4599,2314,12230,463.042,1.2849999999999682,32.193,16.198,85.61,-9.093000000000004,-10.835999999999999,-18.123000000000005,-1.7874380530244582,-2.2543412787845556,-4.592114850693767,Run-led,High,Runs
2021-02-26,484605,6292,2351,9903,484.605,21.563000000000045,44.044,16.457,69.321,11.850999999999999,0.25900000000000034,-16.289,2.2603161483244314,0.10677773902912281,-3.5151962533380408,Run-led,High,Runs
2021-03-05,498403,5655,2633,12310,498.403,13.798000000000002,39.585,18.431,86.17,-4.458999999999996,1.9740000000000002,16.849000000000004,-0.8262764283375167,0.44651123747823773,3.4310293427760876,Run-led,High,Runs
2021-03-12,500799,5323,2520,13433,500.799,2.395999999999958,37.261,17.64,94.031,-2.323999999999998,-0.7910000000000004,7.861000000000004,-0.4091374780628553,-0.11879633092612178,1.5821688453640055,Run-led,High,Runs
2021-03-19,502711,5622,2481,14389,502.711,1.9120000000000346,39.354,17.367,100.723,2.0929999999999964,-0.2729999999999997,6.691999999999993,0.40946857810888054,-0.019596469922300543,1.3088063481945917,Run-led,High,Runs
2021-03-26,501835,6145,3174,14941,501.835,-0.8760000000000332,43.015,22.218,104.587,3.6610000000000014,4.850999999999999,3.8640000000000043,0.6883878059624698,1.0701918413353317,0.7401571274359066,Export-led,Medium,Exports
2021-04-02,498313,6264,3434,15044,498.313,-3.5219999999999914,43.848,24.038,105.308,0.8329999999999984,1.8200000000000003,0.7210000000000036,0.14733695822770168,0.38425609227187435,0.10496433646499932,Export-led,High,Exports
2021-04-09,492423,5852,2579,15051,492.423,-5.889999999999986,40.964,18.053,105.357,-2.8840000000000003,-5.984999999999999,0.04899999999999238,-0.5475318842827014,-1.2860852240193683,-0.054834624976123805,Export-led,High,Exports
2021-04-16,493017,5405,2548,14765,493.017,0.5939999999999941,37.835,17.836,103.355,-3.128999999999998,-0.2170000000000023,-2.0019999999999953,-0.6048589464939333,-0.03770799613925064,-0.46552274743773014,Import-led,High,Imports
2021-04-23,493107,6616,2541,15018,493.107,0.09000000000003183,46.312,17.787,105.126,8.476999999999997,-0.04899999999999949,1.7710000000000008,1.5385717511483965,0.01183696585579278,0.2954512825748368,Import-led,High,Imports
2021-04-30,485117,5451,4122,15243,485.117,-7.990000000000009,38.157,28.854,106.701,-8.155000000000001,11.067,1.5749999999999886,-1.4757099829478726,2.3048826851266004,0.2556932117990574,Export-led,High,Exports
2021-05-07,484691,5488,1796,15020,484.691,-0.42600000000004457,38.416,12.572,105.14,0.25900000000000034,-16.282,-1.5609999999999928,0.04476920499466796,-3.039461835907802,-0.3883594235964467,Export-led,High,Exports
2021-05-14,486011,6411,3306,15116,486.011,1.32000000000005,44.877,23.142,105.812,6.461000000000006,10.57,0.671999999999997,1.13227497682523,1.9265978918108342,0.07616125853199474,Export-led,High,Exports
2021-05-21,484349,6273,3433,15239,484.349,-1.6620000000000346,43.911,24.031,106.673,-0.9660000000000011,0.8889999999999993,0.8610000000000042,-0.1615640169284368,0.15583816594543276,0.11367014660581812,Mixed / Minor,Low,Imports
2021-05-28,479270,5631,2544,15597,479.27,-5.079000000000008,39.417,17.808,109.179,-4.494,-6.222999999999999,2.5060000000000002,-0.8584308097256311,-1.117449309079842,0.44717190803827983,Export-led,High,Exports
2021-06-04,474029,6638,2931,15925,474.029,-5.2409999999999854,46.466,20.517,111.475,7.0489999999999995,2.7089999999999996,2.2959999999999923,1.3613693654853334,0.47698459712379854,0.39981053214831225,Import-led,High,Imports
2021-06-11,466674,6746,3884,16337,466.674,-7.355000000000018,47.222,27.188,114.359,0.7560000000000002,6.670999999999999,2.8840000000000003,0.14277969941219396,1.153812558644441,0.5099236131467036,Export-led,High,Exports
2021-06-18,459060,6943,3651,16112,459.06,-7.613999999999976,48.601,25.557,112.784,1.3789999999999978,-1.6310000000000002,-1.5749999999999886,0.25480014102470894,-0.3041054994376069,-0.3809782296717142,Export-led,Medium,Runs
2021-06-25,452342,6406,3717,16299,452.342,-6.718000000000018,44.842,26.019,114.093,-3.7590000000000003,0.46199999999999974,1.3089999999999975,-0.7348135714727582,0.06769702746715282,0.2033663043957355,Import-led,High,Imports
2021-07-02,445476,5875,2628,16115,445.476,-6.8659999999999854,41.125,18.396,112.805,-3.7169999999999987,-7.6229999999999976,-1.2879999999999967,-0.698664968720884,-1.3570504835431612,-0.30927161257766483,Export-led,High,Exports
2021-07-09,437580,6221,4025,16093,437.58,-7.896000000000015,43.547,28.175,112.651,2.421999999999997,9.779,-0.15400000000001057,0.4951527649563998,1.6517427154267923,-0.07988567093041932,Export-led,High,Exports
2021-07-16,439687,7097,2463,16007,439.687,2.1070000000000277,49.679,17.241,112.049,6.132000000000005,-10.934000000000001,-0.6019999999999897,1.2514977684850417,-1.8149670249752314,-0.17116331360178522,Export-led,High,Exports
2021-07-23,435598,6507,2489,15875,435.598,-4.088999999999999,45.549,17.423,111.125,-4.130000000000003,0.1819999999999986,-0.9240000000000066,-0.9088609170196896,0.04668057929052658,-0.22266813710814176,Import-led,High,Imports
2021-07-30,439225,6432,1904,15920,439.225,3.6270000000000095,45.024,13.328,111.44,-0.5249999999999986,-4.094999999999999,0.3149999999999977,-0.12449221317293824,-0.6624626240922882,0.028899765869218354,Export-led,High,Exports
2021-08-06,438777,6396,2663,16197,438.777,-0.4480000000000359,44.772,18.641,113.379,-0.25200000000000244,5.312999999999999,1.9390000000000072,-0.07651161018901882,0.89120319522023,0.35131183750137823,Export-led,High,Exports
2021-08-13,435544,6350,3431,16006,435.544,-3.233000000000004,44.45,24.017,112.042,-0.3219999999999956,5.376000000000001,-1.3370000000000033,-0.08707275939209354,0.8672316394882004,-0.3126469269987959,Export-led,High,Exports
2021-08-20,432564,6157,2812,16072,432.564,-2.9799999999999613,43.099,19.684,112.504,-1.3510000000000062,-4.332999999999998,0.4620000000000033,-0.2970351252618894,-0.7206204740165684,0.0566137977530025,Export-led,High,Exports
2021-08-27,425395,6340,3040,15938,425.395,-7.16900000000004,44.38,21.28,111.566,1.281000000000006,1.596,-0.9380000000000024,0.23897528965563916,0.26945667176765886,-0.2506519407173911,Export-led,Medium,Exports
2021-09-03,423867,5810,2342,14302,423.867,-1.5279999999999632,40.67,16.394,100.114,-3.710000000000001,-4.886000000000003,-11.451999999999998,-0.826123677137466,-0.8085454279249307,-2.3300371173789345,Run-led,High,Runs
2021-09-10,417445,5761,2624,14387,417.445,-6.4220000000000255,40.327,18.368,100.709,-0.3430000000000035,1.9740000000000002,0.5949999999999989,-0.09798328869256334,0.33167345274463705,0.09560021575879651,Export-led,High,Exports
2021-09-17,413964,6465,2809,15347,413.964,-3.4809999999999945,45.255,19.663,107.429,4.928000000000004,1.2950000000000017,6.719999999999999,1.0373212804120715,0.22329893732097722,1.2806692084566837,Run-led,High,Runs
2021-09-24,418542,6552,3020,15415,418.542,4.5779999999999745,45.864,21.14,107.905,0.6089999999999947,1.4770000000000003,0.4759999999999991,0.09089472935535273,0.26105000770896275,0.047904139044839984,Export-led,High,Exports
2021-10-01,420887,7035,2114,15744,420.887,2.3450000000000273,49.245,14.798,110.208,3.3810000000000002,-6.3420000000000005,2.3029999999999973,0.701696713242289,-1.0590494635122771,0.4065140212734866,Export-led,High,Exports
2021-10-08,426975,5994,2514,15061,426.975,6.088000000000022,41.958,17.598,105.427,-7.286999999999999,2.799999999999999,-4.780999999999992,-1.5832241962121394,0.4651368216385698,-0.9807332498103478,Import-led,High,Imports
2021-10-15,426544,5825,3060,14990,426.544,-0.43100000000004,40.775,21.42,104.93,-1.1829999999999998,3.8220000000000027,-0.4969999999999999,-0.27411730072476104,0.6507376436106223,-0.15085080388500643,Export-led,High,Exports
2021-10-22,430812,6254,2787,15048,430.812,4.268000000000029,43.778,19.509,105.336,3.003,-1.9110000000000014,0.4059999999999917,0.6285365744421116,-0.31070029854886194,0.03623863430931786,Import-led,High,Imports
2021-10-29,434102,6172,2925,15023,434.102,3.2899999999999636,43.204,20.475,105.161,-0.5739999999999981,0.9660000000000011,-0.17499999999999716,-0.1579448959006222,0.15275103091120504,-0.07407491090996218,Mixed / Minor,Low,Imports
2021-11-05,435104,6108,3053,15366,435.104,1.0020000000000095,42.756,21.371,107.562,-0.4480000000000004,0.8959999999999972,2.4009999999999962,-0.11552516945452386,0.1497773249075467,0.424873668745003,Run-led,High,Runs
2021-11-12,433003,6191,3626,15397,433.003,-2.100999999999999,43.337,25.382,107.779,0.5810000000000031,4.011000000000003,0.21699999999999875,0.09929415977485849,0.6770416953988495,0.0014984968044114597,Export-led,High,Exports
2021-11-19,434020,6436,2605,15640,434.02,1.016999999999996,45.052,18.235,109.48,1.7149999999999963,-7.147000000000002,1.7010000000000076,0.33850242082112364,-1.2192704908990066,0.30190307903382735,Export-led,High,Exports
2021-11-26,433111,6604,2704,15631,433.111,-0.9089999999999918,46.228,18.928,109.417,1.176000000000002,0.6930000000000014,-0.06300000000000239,0.22106424254275078,0.1368301079237927,-0.05604377473413977,Import-led,High,Imports
2021-12-03,432870,6499,2270,15785,432.87,-0.24099999999998545,45.493,15.89,110.495,-0.7349999999999994,-3.0380000000000003,1.078000000000003,-0.1651693355113582,-0.5530473599750726,0.17930186786684182,Export-led,High,Exports
2021-12-10,428286,6471,3645,15670,428.286,-4.584000000000003,45.297,25.515,109.69,-0.19600000000000506,9.625,-0.8050000000000068,-0.07758875690718128,1.6630425916928193,-0.20128398694755303,Export-led,High,Exports
2021-12-17,423571,6194,2879,15818,423.571,-4.714999999999975,43.358,20.153,110.726,-1.939,-5.362000000000002,1.0360000000000014,-0.4651929298209079,-0.9294177207991356,0.15890935414120125,Export-led,High,Exports
2021-12-24,419995,6759,2929,15703,419.995,-3.576000000000022,47.313,20.503,109.921,3.9550000000000054,0.3500000000000014,-0.8049999999999926,0.8597362136378351,0.07765505062176012,-0.19961631712165162,Import-led,High,Imports
2021-12-31,417851,5884,2554,15867,417.851,-2.1440000000000055,41.188,17.878,111.069,-6.125,-2.625,1.1479999999999961,-1.3880419477923915,-0.4332172081808398,0.18987279752720587,Import-led,High,Imports
2022-01-07,413298,6069,1955,15573,413.298,-4.552999999999997,42.483,13.685,109.011,1.2949999999999946,-4.193,-2.058000000000007,0.30056778466908307,-0.7079216213877878,-0.43708811741659115,Export-led,High,Exports
2022-01-14,413813,6745,2610,15453,413.813,0.5149999999999864,47.215,18.27,108.171,4.732000000000006,4.584999999999999,-0.8399999999999892,1.047043668768863,0.7943361355993184,-0.18689657150050226,Import-led,Medium,Imports
2022-01-21,416190,6236,2796,15497,416.19,2.3770000000000095,43.652,19.572,108.479,-3.5630000000000024,1.3019999999999996,0.3079999999999927,-0.8552360924013379,0.24547803565451656,0.04076130424015801,Import-led,High,Imports
2022-01-28,415143,7085,2376,15248,415.143,-1.0470000000000255,49.595,16.632,106.736,5.942999999999998,-2.9399999999999977,-1.742999999999995,1.3965275547682345,-0.4963802999102146,-0.3650005734949138,Import-led,High,Imports
2022-02-04,410387,6389,3100,15577,410.387,-4.755999999999972,44.723,21.7,109.039,-4.872,5.067999999999998,2.3029999999999973,-1.1750848768127697,0.8925959195530783,0.4388847127217763,Export-led,Medium,Imports
2022-02-11,411508,5790,2271,14902,411.508,1.120999999999981,40.53,15.897,104.314,-4.192999999999998,-5.802999999999999,-4.7250000000000085,-0.9835836333297345,-1.011241886808036,-0.9375784235226106,Export-led,Medium,Exports
2022-02-18,416022,6828,2686,15246,416.022,4.51400000000001,47.796,18.802,106.722,7.265999999999998,2.9049999999999994,2.4080000000000013,1.671417816345596,0.5352295755443025,0.45900895467888225,Import-led,High,Imports
2022-02-25,413425,5767,3796,15398,413.425,-2.59699999999998,40.369,26.572,107.786,-7.427,7.77,1.0640000000000072,-1.8516208711024837,1.3924440995581542,0.08841390444119585,Export-led,Medium,Imports
2022-03-04,411562,6319,2422,15377,411.562,-1.8629999999999995,44.233,16.954,107.639,3.863999999999997,-9.617999999999999,-0.14700000000000557,0.9531165672759359,-1.7120631442099188,-0.1946705876155072,Export-led,High,Exports
2022-03-11,415907,6395,2936,15601,415.907,4.34499999999997,44.765,20.552,109.207,0.5320000000000036,3.597999999999999,1.5679999999999978,0.09825095787829587,0.6299683832586269,0.475771129696888,Export-led,High,Exports
2022-03-18,413399,6486,3844,15878,413.399,-2.5079999999999814,45.402,26.908,111.146,0.6370000000000005,6.356000000000002,1.9390000000000072,0.1322562438363983,1.0848683141168038,0.6852921659410951,Export-led,High,Exports
2022-03-25,409950,6259,2988,15913,409.95,-3.4490000000000123,43.813,20.916,111.391,-1.5889999999999986,-5.992000000000001,0.24500000000000455,-0.4101564792408454,-1.0442932855964087,0.045963728967875386,Export-led,High,Exports
2022-04-01,412371,6300,3693,15948,412.371,2.4209999999999923,44.1,25.851,111.636,0.28699999999999903,4.934999999999999,0.24499999999999034,0.0721613493933784,0.852224973087596,0.049676321828768584,Export-led,High,Exports
2022-04-08,421753,5995,2180,15523,421.753,9.382000000000005,41.965,15.26,108.661,-2.134999999999998,-10.591,-2.9749999999999943,-0.5522926864487588,-1.7925408672067848,-1.2061959995342566,Export-led,High,Exports
2022-04-15,413733,5837,4270,15717,413.733,-8.019999999999982,40.859,29.89,110.019,-1.1060000000000016,14.63,1.358000000000004,-0.3001503369844319,2.314483196262133,0.4903386563296122,Export-led,High,Exports
2022-04-22,414424,5934,3721,15684,414.424,0.6909999999999741,41.538,26.047,109.788,0.6789999999999949,-3.843,-0.23100000000000875,0.20872178810281844,-0.6406577770199001,-0.1283751013251033,Export-led,High,Exports
2022-04-29,415727,6332,3574,15466,415.727,1.3029999999999973,44.324,25.018,108.262,2.7860000000000014,-1.029,-1.5259999999999962,0.7550410484593179,-0.15777041579831835,-0.6227443456269556,Import-led,High,Imports
2022-05-06,424214,6269,2879,15696,424.214,8.487000000000023,43.883,20.153,109.872,-0.4409999999999954,-4.865000000000002,1.6099999999999994,-0.15455555701395501,-0.8870726298090144,0.6081467765758347,Export-led,High,Exports
2022-05-13,420820,6568,3520,15935,420.82,-3.3940000000000055,45.976,24.64,111.545,2.0929999999999964,4.487000000000002,1.6730000000000018,0.6040555826835696,0.8121595299256743,0.6235632975411264,Export-led,High,Exports
2022-05-20,419801,6486,4341,16269,419.801,-1.0190000000000055,45.402,30.387,113.883,-0.5739999999999981,5.747,2.337999999999994,-0.17580160158684482,1.0143333183679402,0.8716672378544534,Export-led,High,Exports
2022-05-27,414733,6218,3990,16033,414.733,-5.067999999999984,43.526,27.93,112.231,-1.8759999999999977,-2.4570000000000007,-1.652000000000001,-0.5785284718780692,-0.48343233904685046,-0.6808678649687616,Export-led,Medium,Runs
2022-06-03,416758,6154,2232,16387,416.758,2.0249999999999773,43.078,15.624,114.709,-0.4480000000000004,-12.306,2.4780000000000086,-0.11842363421866361,-2.127724977879869,0.9602467668246282,Export-led,High,Exports
2022-06-10,418714,6985,3725,16320,418.714,1.9560000000000173,48.895,26.075,114.24,5.817,10.450999999999999,-0.4690000000000083,1.7357784145693405,1.7902584437709947,-0.1878223197613566,Export-led,High,Exports
2022-06-17,418328,6226,3572,16263,418.328,-0.3860000000000241,43.582,25.004,113.841,-5.313000000000002,-1.070999999999998,-0.3990000000000009,-1.5306457956199067,-0.1813472670016595,-0.1693841901965621,Import-led,High,Imports
2022-06-24,415566,5998,3380,16666,415.566,-2.7620000000000005,41.986,23.66,116.662,-1.5960000000000036,-1.3440000000000012,2.821000000000012,-0.45654876262998434,-0.222001929970824,1.108731288374377,Run-led,High,Runs
2022-07-01,423800,6839,2612,16438,423.8,8.234000000000037,47.873,18.284,115.066,5.8870000000000005,-5.376000000000001,-1.5960000000000036,1.6768122602691735,-0.9264173594953375,-0.6549058220865741,Import-led,Medium,Imports
2022-07-08,427054,6675,3024,16640,427.054,3.2539999999999623,46.725,21.168,116.48,-1.1479999999999961,2.8840000000000003,1.4140000000000015,-0.35329675599186583,0.5343352612860082,0.5339266571386725,Export-led,High,Exports
2022-07-15,426609,6519,3759,16319,426.609,-0.4449999999999932,45.633,26.313,114.233,-1.0919999999999987,5.145,-2.247,-0.3058403680025107,0.9062890900966875,-0.9049697711223347,Export-led,High,Exports
2022-07-22,422086,6164,4548,16027,422.086,-4.522999999999968,43.148,31.836,112.189,-2.4849999999999994,5.523,-2.044000000000011,-0.7425568967267496,0.9478541267937343,-0.8119847888031699,Export-led,High,Exports
2022-07-29,426553,7342,3512,15853,426.553,4.4669999999999845,51.394,24.584,110.971,8.245999999999995,-7.251999999999999,-1.2179999999999893,2.3351704095053964,-1.333594079019802,-0.4745031511660148,Import-led,Medium,Imports
2022-08-05,432010,6171,2110,16581,432.01,5.456999999999994,43.197,14.77,116.067,-8.196999999999996,-9.814,5.095999999999989,-2.2282861638270455,-1.7021589654624594,1.9169250857912317,Export-led,Medium,Imports
2022-08-12,424954,6132,5000,16423,424.954,-7.055999999999983,42.924,35.0,114.961,-0.27300000000000324,20.23,-1.1059999999999945,-0.0664821926439956,3.15901526603191,-0.44200036115135166,Export-led,High,Exports
2022-08-19,421672,6171,4177,16255,421.672,-3.2819999999999823,43.197,29.239,113.785,0.27300000000000324,-5.760999999999999,-1.176000000000002,0.07406750445455261,-0.9346849019575642,-0.4558025116011712,Export-led,High,Exports
2022-08-26,418346,5956,3967,16238,418.346,-3.326000000000022,41.692,27.769,113.666,-1.5050000000000026,-1.4700000000000024,-0.11899999999999977,-0.3968962142538478,-0.2507124014887772,-0.060586642096666594,Import-led,Medium,Imports
2022-09-02,427191,6779,3433,15929,427.191,8.84499999999997,47.453,24.031,111.503,5.761000000000003,-3.7379999999999995,-2.1629999999999967,1.5171155066963407,-0.6122460341290498,-1.1364255411489874,Import-led,High,Imports
2022-09-09,429633,5792,3515,16022,429.633,2.4420000000000073,40.544,24.605,112.154,-6.909000000000006,0.5740000000000016,0.6509999999999962,-1.8015543473921998,0.07161418272139944,0.20555701739253698,Import-led,High,Imports
2022-09-16,430774,6947,3540,16355,430.774,1.1410000000000196,48.629,24.78,114.485,8.085,0.1750000000000007,2.331000000000003,2.0353774919814875,0.012084912050058861,1.1496964146627184,Import-led,High,Imports
2022-09-23,430559,6449,4646,15751,430.559,-0.214999999999975,45.143,32.522,110.257,-3.485999999999997,7.741999999999997,-4.227999999999994,-0.8745758567597355,1.171122694168091,-2.1342637525800465,Export-led,High,Runs
2022-09-30,429203,5947,4551,15961,429.203,-1.3560000000000514,41.629,31.857,111.727,-3.514000000000003,-0.6649999999999991,1.4699999999999989,-0.8483291678130542,-0.15618868871382122,0.7250853126381371,Import-led,High,Imports
2022-10-07,439082,6063,2872,15683,439.082,9.879000000000019,42.441,20.104,109.781,0.8120000000000047,-11.753,-1.945999999999998,0.208998680321529,-1.7978448718857893,-1.0745199367379048,Export-led,High,Exports
2022-10-14,437357,5908,4138,15550,437.357,-1.724999999999966,41.356,28.966,108.85,-1.0850000000000009,8.862000000000002,-0.9310000000000116,-0.28544859609653533,1.3093451979275994,-0.5317648832109552,Export-led,High,Exports
2022-10-21,439945,6180,5129,15436,439.945,2.5879999999999654,43.26,35.903,108.052,1.9039999999999964,6.936999999999998,-0.7979999999999876,0.5002006282164998,0.9858660543644178,-0.4484871896991383,Export-led,High,Exports
2022-10-28,436830,6205,3925,15842,436.83,-3.115000000000009,43.435,27.475,110.894,0.17500000000000426,-8.427999999999997,2.8419999999999987,0.0445828739287424,-1.254726515492577,1.4121537264109714,Export-led,High,Runs
2022-11-04,440755,6454,3521,16089,440.755,3.9250000000000114,45.178,24.647,112.623,1.742999999999995,-2.828000000000003,1.7289999999999992,0.44262856487287167,-0.4229284180944292,0.8493646234965563,Export-led,High,Runs
2022-11-11,435355,5559,3862,16152,435.355,-5.399999999999977,38.913,27.034,113.064,-6.265000000000001,2.3870000000000005,0.4409999999999883,-1.5724062620853767,0.34529239560921066,0.17660783347240336,Import-led,High,Imports
2022-11-18,431665,7063,4242,16410,431.665,-3.6899999999999977,49.441,29.694,114.87,10.528000000000006,2.66,1.8060000000000116,2.492051804917166,0.36122171138484555,0.8850970718298664,Import-led,High,Imports
2022-11-25,419084,6037,4948,16638,419.084,-12.581000000000017,42.259,34.636,116.466,-7.182000000000002,4.942000000000004,1.5959999999999894,-1.6498925129565765,0.6838195804142734,0.7550416544865136,Import-led,High,Imports
2022-12-02,413898,6012,3430,16585,413.898,-5.185999999999979,42.084,24.01,116.095,-0.17499999999999716,-10.626000000000001,-0.3709999999999951,-0.02541759382532288,-1.5539809782763188,-0.24791855780271416,Export-led,High,Exports
2022-12-09,424129,6867,4316,16126,424.129,10.230999999999995,48.069,30.212,112.882,5.984999999999999,6.201999999999998,-3.212999999999994,1.3522130830652344,0.8905722053432092,-1.652579613088892,Export-led,Medium,Runs
2022-12-16,418234,5819,4360,15976,418.234,-5.895000000000039,40.733,30.52,111.832,-7.336000000000006,0.30799999999999983,-1.0500000000000114,-1.62002242166586,0.0159306646295888,-0.5403968067095196,Import-led,High,Imports
2022-12-23,418952,6252,3465,16149,418.952,0.7180000000000177,43.764,24.255,113.043,3.031000000000006,-6.265000000000001,1.2110000000000127,0.6913589612236496,-0.9213927864638859,0.5796514137480847,Export-led,High,Exports
2022-12-30,420646,5712,4207,13820,420.646,1.6940000000000168,39.984,29.449,96.74,-3.780000000000001,5.194000000000003,-16.30300000000001,-0.8476211962752777,0.7201808471938003,-5.326352975290498,Run-led,High,Runs
2023-01-06,439607,6350,2137,14651,439.607,18.961000000000013,44.45,14.959,102.557,4.466000000000001,-14.490000000000002,5.817000000000007,0.9901228944235879,-2.023041195646745,1.9078984878655012,Export-led,High,Exports
2023-01-13,448015,6861,3872,14853,448.015,8.407999999999959,48.027,27.104,103.971,3.576999999999998,12.145,1.4140000000000015,0.8000602346145882,1.630725034326436,0.47917253035473867,Export-led,High,Exports
2023-01-20,448548,5905,4707,14981,448.548,0.5330000000000155,41.335,32.949,104.867,-6.692,5.844999999999999,0.8960000000000008,-1.4702441796784917,0.7567298694361326,0.3092463703131618,Import-led,Medium,Imports
2023-01-27,452688,7283,3492,14961,452.688,4.139999999999986,50.981,24.444,104.727,9.646,-8.504999999999999,-0.14000000000000057,2.0709283155988594,-1.158489221269918,-0.032561602040453864,Import-led,Medium,Imports
2023-02-03,455111,7058,2900,15410,455.111,2.423000000000002,49.406,20.3,107.87,-1.5750000000000028,-4.143999999999998,3.1430000000000007,-0.36204452103136386,-0.5517796724477372,1.0121217882383289,Export-led,Medium,Runs
2023-02-10,471394,6232,3146,15027,471.394,16.283000000000015,43.624,22.022,105.189,-5.7819999999999965,1.7219999999999978,-2.6810000000000116,-1.2607890996920095,0.21619847412435378,-0.875978140283987,Import-led,High,Imports
2023-02-17,479041,6326,4597,15010,479.041,7.646999999999991,44.282,32.179,105.07,0.6579999999999941,10.157000000000004,-0.11899999999999977,0.16049255707597185,1.3128472235331672,-0.028495627313774283,Export-led,High,Exports
2023-02-24,480207,6208,5629,14979,480.207,1.1659999999999968,43.456,39.403,104.853,-0.8259999999999934,7.223999999999997,-0.21699999999999875,-0.2011583846172179,0.926547034152032,-0.052527731836730575,Export-led,High,Exports
2023-03-03,478513,6271,3362,14967,478.513,-1.6940000000000168,43.897,23.534,104.769,0.4409999999999954,-15.869,-0.08399999999998897,0.10242222195744266,-2.0671477649038517,-0.009422483908444032,Export-led,High,Exports
2023-03-10,480063,6216,5027,15398,480.063,1.5500000000000114,43.512,35.189,107.786,-0.384999999999998,11.655000000000001,3.016999999999996,-0.0826164095931157,1.4418653425883863,0.9887560414912849,Export-led,High,Exports
2023-03-17,481180,6172,4932,15376,481.18,1.1170000000000186,43.204,34.524,107.632,-0.30799999999999983,-0.6649999999999991,-0.15399999999999636,-0.06084151625728979,-0.10347637808820496,-0.028183959905182555,Mixed / Minor,Low,Exports
2023-03-24,473691,5325,4584,15813,473.691,-7.489000000000033,37.275,32.088,110.691,-5.929000000000002,-2.436,3.0589999999999975,-1.3074502708710405,-0.3397289887462564,0.9921735765933908,Import-led,High,Imports
2023-03-31,469952,7144,5239,15615,469.952,-3.738999999999976,50.008,36.673,109.305,12.733000000000004,4.585000000000001,-1.3859999999999957,2.638119415408133,0.5612236424274856,-0.43231805498129083,Import-led,High,Imports
2023-04-07,470549,6193,2727,15585,470.549,0.59699999999998,43.351,19.089,109.095,-6.657000000000004,-17.584000000000003,-0.21000000000000796,-1.3736665794174807,-2.194831814600912,-0.07101500045126671,Export-led,High,Exports
2023-04-14,465968,6294,4571,15844,465.968,-4.58099999999996,44.058,31.997,110.908,0.7070000000000007,12.908000000000001,1.8130000000000024,0.13271181957340838,1.6109841550498414,0.5832355202600621,Export-led,High,Exports
2023-04-21,460914,6376,4819,15833,460.914,-5.0540000000000305,44.632,33.733,110.831,0.5739999999999981,1.735999999999997,-0.07699999999999818,0.10578718693506427,0.19923110798879515,-0.03152206909822648,Export-led,High,Exports
2023-04-28,459633,6396,4737,15735,459.633,-1.281000000000006,44.772,33.159,110.145,0.14000000000000057,-0.5739999999999981,-0.686000000000007,0.02709927442924563,-0.09165723167914887,-0.2350209517174788,Mixed / Minor,Low,Runs
2023-05-05,462584,5553,2876,15745,462.584,2.951000000000022,38.871,20.132,110.215,-5.900999999999996,-13.026999999999997,0.07000000000000739,-1.1805585401836105,-1.5984103336461613,0.02068700217811394,Export-led,High,Exports
2023-05-12,467624,6860,4310,15990,467.624,5.0400000000000205,48.02,30.17,111.93,9.149000000000001,10.038,1.7150000000000034,1.795608261500326,1.2045020105657038,0.5570611911119603,Export-led,Medium,Imports
2023-05-19,455168,5850,4549,16069,455.168,-12.456000000000017,40.95,31.843,112.483,-7.07,1.6729999999999983,0.5529999999999973,-1.3515163854223042,0.20036354844145932,0.19021952748746068,Import-led,High,Imports
2023-05-26,459657,7217,4915,16165,459.657,4.488999999999976,50.519,34.405,113.155,9.568999999999996,2.562000000000001,0.671999999999997,1.7696790878354416,0.29689923317110256,0.21510559723414543,Import-led,High,Imports
2023-06-02,459205,6400,2475,16647,459.205,-0.4519999999999982,44.8,17.325,116.529,-5.719000000000001,-17.080000000000002,3.3739999999999952,-1.0667362503139364,-2.04293710847748,1.091838878222803,Export-led,High,Exports
2023-06-09,467124,6381,3270,16586,467.124,7.91900000000004,44.667,22.89,116.102,-0.13299999999999557,5.565000000000001,-0.4269999999999925,-0.009698578545559734,0.6791490810042158,-0.1513426003561786,Export-led,High,Exports
2023-06-16,463293,6161,4543,16470,463.293,-3.8310000000000173,43.127,31.801,115.29,-1.5399999999999991,8.910999999999998,-0.8119999999999976,-0.28985901717393303,1.0483232258092616,-0.2744926656787103,Export-led,High,Exports
2023-06-23,453690,6580,5338,16254,453.69,-9.603000000000009,46.06,37.366,113.778,2.933,5.565000000000001,-1.5120000000000005,0.5392872748697626,0.6306379085176191,-0.47895324694037184,Export-led,High,Exports
2023-06-30,452182,7038,3901,16030,452.182,-1.5079999999999814,49.266,27.307,112.21,3.205999999999996,-10.059000000000001,-1.568000000000012,0.6057298398069162,-1.2048622162363496,-0.4975898808157439,Export-led,High,Exports
2023-07-07,458128,5880,2144,16659,458.128,5.9459999999999695,41.16,15.008,116.613,-8.106000000000002,-12.299,4.403000000000006,-1.4905477094857975,-1.407002993994247,1.420938106100358,Export-led,High,Imports
2023-07-14,457420,7174,3814,16585,457.42,-0.70799999999997,50.218,26.698,116.095,9.058000000000007,11.690000000000001,-0.5180000000000007,1.6271662712727792,1.3303209922443797,-0.17972165899935316,Export-led,Medium,Imports
2023-07-21,456820,6367,4591,16478,456.82,-0.6000000000000227,44.569,32.137,115.346,-5.649000000000001,5.439,-0.7489999999999952,-1.0211477047546604,0.6187632003098049,-0.2637886862358743,Import-led,Medium,Imports
2023-07-28,439771,6668,5283,16517,439.771,-17.048999999999978,46.676,36.981,115.619,2.1069999999999993,4.844000000000001,0.27299999999999613,0.4036367986632441,0.5266627310240402,0.05992030371266725,Export-led,High,Exports
2023-08-04,445622,6682,2360,16579,445.622,5.850999999999999,46.774,16.52,116.053,0.09799999999999898,-20.461000000000002,0.4339999999999975,0.005487984466727547,-2.2516178352383864,0.1456268091394787,Export-led,High,Exports
2023-08-11,439662,7158,4599,16746,439.662,-5.960000000000036,50.106,32.193,117.222,3.3320000000000007,15.672999999999998,1.168999999999997,0.5979129886053073,1.762299416797636,0.3774102061530509,Export-led,High,Exports
2023-08-18,433528,6933,4258,16776,433.528,-6.133999999999958,48.531,29.806,117.432,-1.5750000000000028,-2.386999999999997,0.21000000000000796,-0.31374457091771146,-0.26960816960347506,0.04697735055350789,Export-led,High,Imports
2023-08-25,422944,6617,4528,16603,422.944,-10.584000000000003,46.319,31.696,116.221,-2.211999999999996,1.8900000000000006,-1.2109999999999985,-0.429927889541087,0.20398269874426472,-0.42250939637510626,Import-led,Medium,Imports
2023-09-01,416637,6770,4932,16623,416.637,-6.307000000000016,47.39,34.524,116.361,1.070999999999998,2.8279999999999994,0.14000000000000057,0.20254263298560574,0.29552251409500485,0.01570328932641866,Export-led,High,Exports
2023-09-08,420592,7582,3090,16800,420.592,3.954999999999984,53.074,21.63,117.6,5.6839999999999975,-12.894000000000002,1.23899999999999,1.0348994124793585,-1.4153048639752506,0.38199269642518635,Export-led,High,Exports
2023-09-15,418456,6517,5067,16304,418.456,-2.1359999999999673,45.619,35.469,114.128,-7.454999999999998,13.839000000000002,-3.471999999999994,-1.4099080154050663,1.470307432789639,-1.1577500467183106,Export-led,High,Exports
2023-09-22,416287,7229,4012,16065,416.287,-2.1690000000000396,50.603,28.084,112.455,4.984000000000002,-7.385000000000002,-1.6730000000000018,0.9259053328410811,-0.787557634452107,-0.5828524076210472,Export-led,High,Imports
2023-09-29,414063,6215,4956,15602,414.063,-2.2239999999999895,43.505,34.692,109.214,-7.097999999999999,6.6080000000000005,-3.2409999999999997,-1.3358046820096532,0.7035733584146773,-1.074808354848729,Import-led,Medium,Imports
2023-10-06,424239,6329,3067,15203,424.239,10.175999999999988,44.303,21.469,106.421,0.7979999999999947,-13.222999999999999,-2.792999999999992,0.14271609349894493,-1.4165390066395473,-0.9145335028677719,Export-led,High,Exports
2023-10-13,419748,5942,5301,15396,419.748,-4.4909999999999854,41.594,37.107,107.772,-2.708999999999996,15.637999999999998,1.350999999999999,-0.5070174867888673,1.6254504364401328,0.45921063894842906,Export-led,High,Exports
2023-10-20,421120,6013,4833,15189,421.12,1.372000000000014,42.091,33.831,106.323,0.4969999999999999,-3.2759999999999962,-1.4490000000000123,0.09717549439606842,-0.3411121158300956,-0.4732051555170178,Export-led,High,Runs
2023-10-27,421893,6425,4897,15251,421.893,0.7729999999999677,44.975,34.279,106.757,2.8840000000000003,0.4480000000000004,0.4340000000000117,0.5324409829526221,0.03369408276477894,0.17320836848857707,Import-led,High,Imports
2023-11-03,435762,6394,4525,15235,435.762,13.869000000000028,44.758,31.675,106.645,-0.21699999999999875,-2.6040000000000028,-0.11200000000000898,-0.03901060582863012,-0.29104586048116304,0.0010025782953653954,Export-led,High,Exports
2023-11-10,439354,6373,4889,15399,439.354,3.5919999999999845,44.611,34.223,107.793,-0.14700000000000557,2.5479999999999983,1.1480000000000103,-0.04857486147466125,0.2560241399931739,0.4223460760725443,Export-led,High,Runs
2023-11-17,448054,6529,4786,15504,448.054,8.699999999999989,45.703,33.502,108.528,1.0920000000000059,-0.7209999999999965,0.7349999999999994,0.22932830153564948,-0.08443772712065571,0.29066025501551557,Import-led,High,Runs
2023-11-24,449664,5833,4755,16022,449.664,1.6100000000000136,40.831,33.285,112.154,-4.872,-0.21700000000000585,3.6259999999999906,-0.96474752152762,-0.02036251389416651,1.242630499395061,Import-led,Medium,Runs
2023-12-01,445031,7508,4339,16201,445.031,-4.632999999999981,52.556,30.373,113.407,11.724999999999994,-2.9119999999999955,1.2530000000000001,2.1828125196787207,-0.32731918668749915,0.43632956923450733,Import-led,High,Imports
2023-12-08,440773,6517,3771,16097,440.773,-4.257999999999981,45.619,26.397,112.679,-6.936999999999998,-3.9760000000000026,-0.7279999999999944,-1.2985738481771083,-0.4220481847220446,-0.24476542109773694,Import-led,High,Imports
2023-12-15,443682,6750,4121,16500,443.682,2.908999999999992,47.25,28.847,115.5,1.6310000000000002,2.450000000000003,2.820999999999998,0.2890507155784464,0.26824459961960667,0.9229392022776894,Run-led,Medium,Runs
2023-12-22,436568,6276,3915,16558,436.568,-7.114000000000033,43.932,27.405,115.906,-3.317999999999998,-1.4420000000000002,0.4060000000000059,-0.6369844112892108,-0.16307927613183026,0.11791786160038403,Import-led,High,Imports
2023-12-29,431065,6895,5292,16679,431.065,-5.502999999999986,48.265,37.044,116.753,4.332999999999998,9.638999999999996,0.8469999999999942,0.7995774495066494,1.0226485329993662,0.246594441844972,Export-led,High,Exports
2024-01-05,432403,6241,3322,16518,432.403,1.3380000000000223,43.687,23.254,115.626,-4.578000000000003,-13.789999999999996,-1.1269999999999953,-0.8734808512058538,-1.506176238176997,-0.8011125634565042,Export-led,High,Exports
2024-01-12,429911,7420,5029,16653,429.911,-2.4920000000000186,51.94,35.203,116.571,8.253,11.949000000000002,0.9449999999999932,1.5352732061178909,1.2740354905357005,0.40960808352269984,Export-led,High,Imports
2024-01-19,420678,5580,4434,15276,420.678,-9.233000000000004,39.06,31.038,106.932,-12.879999999999995,-4.165000000000003,-9.638999999999996,-2.3147747115415034,-0.44677808139805086,-4.414348587392247,Import-led,Medium,Runs
2024-01-26,421912,5605,3894,14848,421.912,1.2339999999999804,39.235,27.258,103.936,0.17499999999999716,-3.780000000000001,-2.995999999999995,0.0746006692484297,-0.41774323433020955,-1.33514764566256,Export-led,Medium,Runs
2024-02-02,427432,6907,3596,14840,427.432,5.520000000000039,48.349,25.172,103.88,9.113999999999997,-2.0859999999999985,-0.056000000000011596,1.6537283971625325,-0.2378503937820778,0.009477182657504005,Import-led,High,Imports
2024-02-09,439450,6470,4347,14542,439.45,12.017999999999972,45.29,30.429,101.794,-3.0589999999999975,5.256999999999998,-2.0859999999999985,-0.5640045227670231,0.5544712679752006,-0.9290322373650236,Export-led,High,Runs
2024-02-16,442964,6654,4965,14574,442.964,3.51400000000001,46.578,34.755,102.018,1.2880000000000038,4.326000000000004,0.22400000000000375,0.22687044567641257,0.4699249199975447,0.12994805394579687,Export-led,High,Exports
2024-02-23,447163,6385,4728,14674,447.163,4.199000000000012,44.695,33.096,102.718,-1.8830000000000027,-1.659000000000006,0.7000000000000028,-0.3474618743319819,-0.1699841653896631,0.340273054062116,Import-led,Medium,Imports
2024-03-01,448530,7222,4637,15268,448.53,1.3669999999999618,50.554,32.459,106.876,5.859000000000002,-0.6369999999999933,4.158000000000001,1.0331558480487564,-0.09221896705175978,1.826502364505145,Import-led,High,Runs
2024-03-08,446994,5491,3147,15658,446.994,-1.5359999999999445,38.437,22.029,109.606,-12.117000000000004,-10.430000000000003,2.7299999999999898,-2.07191505517565,-1.1648984556982733,1.199265927865045,Import-led,Medium,Imports
2024-03-15,445042,6278,4881,15785,445.042,-1.952000000000055,43.946,34.167,110.495,5.509,12.138000000000002,0.88900000000001,0.9388165499186011,1.3640864692243975,0.3706178359162707,Export-led,High,Exports
2024-03-22,448207,6702,4181,15932,448.207,3.1650000000000205,46.914,29.267,111.524,2.9680000000000035,-4.900000000000002,1.0289999999999964,0.4793073913600533,-0.5430621053934654,0.4574666476267906,Export-led,High,Exports
2024-03-29,451417,6618,4022,15897,451.417,3.2099999999999795,46.326,28.154,111.279,-0.588000000000001,-1.1129999999999995,-0.24500000000000455,-0.093553892623371,-0.10665008895193984,-0.12828077490899878,Export-led,High,Runs
2024-04-05,457258,6434,2708,15782,457.258,5.841000000000008,45.038,18.956,110.474,-1.2880000000000038,-9.198,-0.8049999999999926,-0.24217280279730968,-1.0629934416240294,-0.3764827900868484,Export-led,High,Exports
2024-04-12,459993,6461,4726,15913,459.993,2.7350000000000136,45.227,33.082,111.391,0.18900000000000006,14.126000000000001,0.9170000000000016,0.030544480205582078,1.6235698329949233,0.4129885248476842,Export-led,High,Exports
2024-04-19,453625,6497,5179,15871,453.625,-6.367999999999995,45.479,36.253,111.097,0.25200000000000244,3.1709999999999994,-0.29400000000001114,0.04323998182680741,0.3590957552148035,-0.13606774259565585,Export-led,High,Exports
2024-04-26,460890,6772,3918,15641,460.89,7.264999999999986,47.404,27.426,109.487,1.9250000000000043,-8.827000000000002,-1.6099999999999994,0.3434416323999415,-0.9925665994554139,-0.7235363115005219,Export-led,High,Exports
2024-05-03,459528,6969,4468,15948,459.528,-1.3619999999999663,48.783,31.276,111.636,1.3789999999999978,3.8500000000000014,2.149000000000001,0.22027517190287937,0.42249007540139594,0.9522977072247178,Export-led,High,Runs
2024-05-10,457020,6744,4135,16255,457.02,-2.508000000000038,47.208,28.945,113.785,-1.5750000000000028,-2.3309999999999995,2.149000000000001,-0.2970919006551803,-0.27150167625946775,0.9454760606937737,Export-led,Medium,Runs
2024-05-17,458845,6663,4730,16482,458.845,1.8250000000000455,46.641,33.11,115.374,-0.5670000000000002,4.164999999999999,1.5889999999999986,-0.1312442670887842,0.48624235917778497,0.6831834162461237,Export-led,High,Runs
2024-05-24,454689,6769,4225,17083,454.689,-4.156000000000006,47.383,29.575,119.581,0.7420000000000044,-3.535,4.207000000000008,0.16114513771277184,-0.403912925397281,1.7631889655259363,Run-led,Medium,Runs
2024-05-31,455922,7058,4501,17144,455.922,1.233000000000004,49.406,31.507,120.008,2.022999999999996,1.9320000000000022,0.4269999999999925,0.39304080323049195,0.20284947917091115,0.15860185015062206,Import-led,Medium,Imports
2024-06-07,459652,8304,3188,17047,459.652,3.7299999999999613,58.128,22.316,119.329,8.722000000000001,-9.191000000000003,-0.679000000000002,1.670914268787282,-1.1129552205006163,-0.32620069962908793,Export-led,Medium,Imports
2024-06-14,457105,7054,4418,16765,457.105,-2.5469999999999686,49.378,30.926,117.355,-8.75,8.61,-1.9739999999999895,-1.7019665795387497,1.0466916118693537,-0.880804025343131,Import-led,Medium,Imports
2024-06-21,460696,6611,3910,16532,460.696,3.591000000000008,46.277,27.37,115.724,-3.100999999999999,-3.5559999999999974,-1.6310000000000002,-0.5954242056195356,-0.4093224967468427,-0.7292497523439716,Export-led,Medium,Runs
2024-06-28,448539,6547,4401,16792,448.539,-12.157000000000039,45.829,30.807,117.544,-0.4480000000000004,3.4369999999999976,1.8199999999999932,-0.07350448936608509,0.4153646038710069,0.7501341748254493,Export-led,High,Runs
2024-07-05,445096,6760,3999,17109,445.096,-3.4429999999999836,47.32,27.993,119.763,1.4909999999999997,-2.814,2.2190000000000083,0.2705320960630506,-0.38616055527766785,0.9686564532566895,Export-led,Medium,Runs
2024-07-12,440226,7037,3964,16928,440.226,-4.8700000000000045,49.259,27.748,118.496,1.939,-0.24499999999999744,-1.2670000000000101,0.39774994765298044,-0.03414252492326413,-0.5876835060230905,Import-led,High,Runs
2024-07-19,436485,6871,4186,16407,436.485,-3.7409999999999854,48.097,29.302,114.849,-1.161999999999999,1.5539999999999985,-3.6469999999999914,-0.2530767244826973,0.20801581801291258,-1.5882931753517937,Run-led,High,Runs
2024-07-26,433049,6953,4919,16150,433.049,-3.4360000000000355,48.671,34.433,113.05,0.5739999999999981,5.131,-1.7990000000000066,0.110403509447226,0.6695669233290524,-0.7596589025989472,Export-led,High,Runs
2024-08-02,429321,6224,3638,16402,429.321,-3.727999999999952,43.568,25.466,114.814,-5.1030000000000015,-8.966999999999999,1.7639999999999958,-1.0280726529896818,-1.2530872974335014,0.7719604013438331,Export-led,High,Exports
2024-08-09,430678,6285,3756,16467,430.678,1.356999999999971,43.995,26.292,115.269,0.4269999999999996,0.8260000000000005,0.4550000000000125,0.11156442717653985,0.1350340005109501,0.2131493540740588,Mixed / Minor,Low,Runs
2024-08-16,426029,6652,4045,16689,426.029,-4.649000000000001,46.564,28.315,116.823,2.5690000000000026,2.0229999999999997,1.5539999999999878,0.5330587606539782,0.29495072826997926,0.6745345353623281,Import-led,Medium,Runs
2024-08-23,425183,6560,3671,16864,425.183,-0.8460000000000036,45.92,25.697,118.048,-0.6439999999999984,-2.618000000000002,1.2250000000000085,-0.1303554494178854,-0.3595896911303627,0.5126351826690398,Export-led,High,Runs
2024-08-30,418310,5792,3756,16900,418.31,-6.8729999999999905,40.544,26.292,118.3,-5.376000000000005,0.5950000000000024,0.25199999999999534,-1.0626586552658501,0.10841990266676363,0.0924991360701444,Import-led,High,Imports
2024-09-06,419143,6867,3305,16759,419.143,0.83299999999997,48.069,23.135,117.313,7.525000000000006,-3.157,-0.9869999999999948,1.529137647076301,-0.4736932229135378,-0.42320600987791934,Import-led,High,Imports
2024-09-13,417513,6322,4589,16477,417.513,-1.6299999999999955,44.254,32.123,115.339,-3.815000000000005,8.987999999999996,-1.9740000000000038,-0.772654341267129,1.3794901432607642,-0.8743569403328523,Export-led,High,Exports
2024-09-20,413042,6456,3897,16353,413.042,-4.471000000000004,45.192,27.279,114.471,0.9380000000000024,-4.843999999999998,-0.867999999999995,0.21466495340776834,-0.7410466275840337,-0.3985303198264349,Export-led,High,Exports
2024-09-27,416931,6628,3878,15691,416.931,3.88900000000001,46.396,27.146,109.837,1.2040000000000006,-0.13299999999999912,-4.634,0.24149857699031005,0.0018788914065972153,-2.0005358041656627,Run-led,High,Runs
2024-10-04,422741,6239,3794,15590,422.741,5.810000000000002,43.673,26.558,109.13,-2.722999999999999,-0.588000000000001,-0.7070000000000078,-0.5683682956006938,-0.11101574091942702,-0.33137195541342435,Import-led,High,Imports
2024-10-11,420550,5529,4123,15755,420.55,-2.190999999999974,38.703,28.861,110.285,-4.969999999999999,2.303000000000001,1.1550000000000011,-1.0228039195850407,0.42553780701799326,0.4835275228902429,Import-led,High,Imports
2024-10-18,426024,6431,4112,16084,426.024,5.4739999999999895,45.017,28.784,112.588,6.314,-0.07700000000000173,2.3029999999999973,1.2810096339422026,0.0034775242034348094,0.9490308367889465,Import-led,High,Imports
2024-10-25,425509,5975,4261,16053,425.509,-0.5149999999999864,41.825,29.827,112.371,-3.192,1.0430000000000028,-0.21699999999999875,-0.6405429907293169,0.19561751920664533,-0.14130196795708788,Import-led,High,Imports
2024-11-01,427658,6240,2850,16334,427.658,2.149000000000001,43.68,19.95,114.338,1.8549999999999969,-9.877000000000002,1.9669999999999987,0.3831274812409543,-1.6308766480946308,0.7861451025098882,Export-led,High,Exports
2024-11-08,429747,6509,3440,16509,429.747,2.0889999999999986,45.563,24.08,115.563,1.8830000000000027,4.129999999999999,1.2250000000000085,0.3803242423998731,0.7285449769679696,0.4646978413716783,Export-led,High,Exports
2024-11-15,430292,7684,4378,16228,430.292,0.5449999999999591,53.788,30.646,113.596,8.224999999999994,6.5660000000000025,-1.9669999999999987,1.6037604476749168,1.1017484102298638,-0.8854888767349071,Import-led,Medium,Imports
2024-11-22,428448,6083,4663,16295,428.448,-1.843999999999994,42.581,32.641,114.065,-11.206999999999994,1.9949999999999974,0.4689999999999941,-2.149850399567788,0.3336673941427945,0.18972905196337644,Import-led,High,Imports
2024-11-29,423375,7290,4235,16910,423.375,-5.072999999999979,51.03,29.645,118.37,8.448999999999998,-2.9959999999999987,4.305000000000007,1.6613867008985943,-0.49560160598359543,1.7925000125196502,Import-led,High,Runs
2024-12-06,421950,5984,3099,16659,421.95,-1.4250000000000114,41.888,21.693,116.613,-9.142000000000003,-7.951999999999998,-1.757000000000005,-1.7542593247256173,-1.290247588197939,-0.7766105739671179,Import-led,Medium,Imports
2024-12-13,421016,6649,4895,16611,421.016,-0.9339999999999691,46.543,34.265,116.277,4.655000000000001,12.572,-0.3359999999999985,0.8966308607068809,1.968777830525055,-0.15073584760782469,Export-led,High,Exports
2024-12-20,416779,6471,3722,16816,416.779,-4.237000000000023,45.297,26.054,117.712,-1.2460000000000022,-8.211000000000002,1.4350000000000023,-0.2451851968251195,-1.2721641881967045,0.5994449142576699,Export-led,High,Exports
2024-12-27,415601,6926,3854,16857,415.601,-1.1779999999999973,48.482,26.978,117.999,3.1850000000000023,0.924000000000003,0.28699999999999193,0.6149295785605237,0.1777002374995177,0.11272685012806459,Import-led,High,Imports
2025-01-03,414642,6428,3078,16902,414.642,-0.9590000000000032,44.996,21.546,118.314,-3.485999999999997,-5.432000000000002,0.3149999999999977,-0.6810022487626144,-0.8944108908577928,0.11310320712163287,Export-led,High,Exports
2025-01-10,412680,6124,4078,16647,412.68,-1.961999999999989,42.868,28.546,116.529,-2.128,7.0,-1.7849999999999966,-0.3883376582708013,1.2120536276864369,-0.7630459638034414,Export-led,High,Exports
2025-01-17,411663,6745,4515,15522,411.663,-1.016999999999996,47.215,31.605,108.654,4.347000000000001,3.059000000000001,-7.875,0.8847488006120793,0.5193532770926852,-3.587002922786969,Run-led,High,Runs
2025-01-24,415126,6448,3686,15189,415.126,3.4629999999999654,45.136,25.802,106.323,-2.0790000000000006,-5.803000000000001,-2.331000000000003,-0.46195053522667917,-0.978604499483927,-1.0860319701131524,Export-led,High,Runs
2025-01-31,423790,6915,4331,15349,423.79,8.664000000000044,48.405,30.317,107.443,3.2689999999999984,4.515000000000001,1.1200000000000045,0.7110944983776114,0.7450667141106422,0.4793381234081336,Export-led,High,Exports
2025-02-07,427860,6309,3909,15431,427.86,4.069999999999993,44.163,27.363,108.017,-4.242000000000004,-2.9540000000000006,0.5739999999999981,-0.9146862503261267,-0.4909967636338693,0.20904902581985088,Import-led,High,Imports
2025-02-14,432493,5820,4381,15416,432.493,4.632999999999981,40.74,30.667,107.912,-3.4229999999999947,3.304000000000002,-0.10499999999998977,-0.7144513084154339,0.5749781283053345,-0.10045959148013897,Import-led,Medium,Imports
2025-02-21,430161,5919,4188,15733,430.161,-2.3319999999999936,41.433,29.316,110.131,0.6929999999999978,-1.3510000000000026,2.218999999999994,0.16328072854692102,-0.21734139595135657,0.9474361897143408,Run-led,High,Runs
2025-02-28,433775,5813,4136,15387,433.775,3.613999999999976,40.691,28.952,107.709,-0.7419999999999973,-0.3639999999999972,-2.421999999999997,-0.12131805186156383,-0.05042491464972368,-1.1367592085290674,Run-led,High,Runs
2025-03-07,435223,5470,3290,15708,435.223,1.448000000000036,38.29,23.03,109.956,-2.4010000000000034,-5.922000000000001,2.247,-0.5652847077506117,-1.0319417978145708,1.0499241686387557,Export-led,High,Runs
2025-03-14,436968,5385,4644,15663,436.968,1.7450000000000045,37.695,32.508,109.641,-0.5949999999999989,9.478000000000002,-0.3149999999999977,-0.11383741982694509,1.680630640778189,-0.14014324607662074,Export-led,High,Exports
2025-03-21,433627,6195,4609,15750,433.627,-3.341000000000008,43.365,32.263,110.25,5.670000000000002,-0.24500000000000455,0.6089999999999947,1.3577004173415894,-0.053878027647085935,0.2978002182721415,Import-led,High,Imports
2025-03-28,439792,6466,3881,15558,439.792,6.164999999999964,45.262,27.167,108.906,1.8969999999999985,-5.0959999999999965,-1.343999999999994,0.45281918981009633,-0.8970086993575384,-0.6081495661115913,Export-led,High,Exports
2025-04-04,442345,6189,3244,15627,442.345,2.553000000000054,43.323,22.708,109.389,-1.939,-4.459000000000003,0.4829999999999899,-0.4496094343574658,-0.8169746789308104,0.23617592450479508,Export-led,High,Exports
2025-04-11,442860,6001,5100,15564,442.86,0.5149999999999864,42.007,35.7,108.948,-1.3160000000000025,12.992000000000004,-0.4410000000000025,-0.295572903219804,2.3565070600427034,-0.184982438458923,Export-led,High,Exports
2025-04-18,443104,5589,3549,15889,443.104,0.24399999999997135,39.123,24.843,111.223,-2.8840000000000003,-10.857000000000003,2.2750000000000057,-0.6482160130550642,-1.8738021663474949,1.0551213503984587,Export-led,High,Exports
2025-04-25,440408,5498,4121,16078,440.408,-2.6959999999999695,38.486,28.847,112.546,-0.6370000000000005,4.004000000000001,1.3230000000000075,-0.10949761474978167,0.7135039319586016,0.5882065413715852,Export-led,High,Exports
2025-05-02,438376,6056,4006,16071,438.376,-2.032000000000039,42.392,28.042,112.497,3.906000000000006,-0.8049999999999997,-0.049000000000006594,0.9405360059171867,-0.13388346313505384,-0.0307955710044943,Import-led,High,Imports
2025-05-09,441830,5841,3369,16401,441.83,3.4540000000000077,40.887,23.583,114.807,-1.5050000000000026,-4.459000000000003,2.3100000000000023,-0.3229948799783744,-0.7816020130955972,1.0742311521546828,Export-led,High,Runs
2025-05-16,443158,6089,3507,16490,443.158,1.3280000000000314,42.623,24.549,115.43,1.735999999999997,0.9660000000000011,0.6230000000000047,0.4226365013711129,0.20399155661568155,0.29303875844512395,Import-led,High,Imports
2025-05-23,440363,6351,4301,16328,440.363,-2.795000000000016,44.457,30.107,114.296,1.8340000000000032,5.558,-1.1340000000000003,0.4398909725073301,0.9946752966525639,-0.5054360583852547,Export-led,High,Exports
2025-05-30,436059,6346,3907,16998,436.059,-4.303999999999974,44.422,27.349,118.986,-0.035000000000003695,-2.757999999999999,4.689999999999998,0.014192943270494552,-0.4796172889478503,2.193560525422103,Run-led,High,Runs
2025-06-06,432415,6176,3286,17226,432.415,-3.6440000000000055,43.232,23.002,120.582,-1.1899999999999977,-4.347000000000001,1.5959999999999894,-0.220173570198647,-0.7974127997146273,0.7289159872129921,Export-led,High,Exports
2025-06-13,420942,5504,4361,16862,420.942,-11.473000000000013,38.528,30.527,118.034,-4.704000000000001,7.525000000000002,-2.5479999999999876,-1.1304715193207233,1.3855854902812643,-1.181103625080395,Export-led,High,Exports
2025-06-20,415106,5944,4270,16987,415.106,-5.836000000000013,41.608,29.89,118.909,3.0799999999999983,-0.6370000000000005,0.875,0.7962794445705361,-0.12660621651281628,0.3769225565574846,Import-led,High,Imports
2025-06-27,418951,6919,2305,17105,418.951,3.8450000000000273,48.433,16.135,119.735,6.825000000000003,-13.754999999999999,0.8259999999999934,1.6548124336226153,-2.3556187474249244,0.3650259212384836,Export-led,High,Exports
2025-07-04,426021,6013,2757,17006,426.021,7.069999999999993,42.091,19.299,119.042,-6.341999999999999,3.163999999999998,-0.6929999999999978,-1.4920438877383808,0.581599842186549,-0.31922935455246854,Import-led,High,Imports
2025-07-11,422162,6379,3518,16849,422.162,-3.8590000000000373,44.653,24.626,117.943,2.5619999999999976,5.327000000000002,-1.0990000000000038,0.6325971661938843,0.9323279178477077,-0.5120260503582184,Export-led,High,Exports
2025-07-18,418993,5976,3855,16936,418.993,-3.1689999999999827,41.832,26.985,118.552,-2.820999999999998,2.358999999999998,0.6090000000000089,-0.6422748878508017,0.41558617646756196,0.2605710005523882,Import-led,Medium,Imports
2025-07-25,426691,6136,2698,16911,426.691,7.697999999999979,42.952,18.886,118.377,1.1199999999999974,-8.099,-0.17500000000001137,0.2923607521903661,-1.3351401251984962,-0.1355195245038931,Export-led,High,Exports
2025-08-01,423662,5962,3318,17124,423.662,-3.0289999999999964,41.734,23.226,119.868,-1.2179999999999964,4.34,1.4909999999999997,-0.28494200253324736,0.7628562220841615,0.6821518422383301,Export-led,High,Exports
2025-08-08,426698,6920,3577,17180,426.698,3.0360000000000014,48.44,25.039,120.26,6.705999999999996,1.8130000000000024,0.3920000000000101,1.5561130867726758,0.31948558308455755,0.1448905757794681,Import-led,High,Imports
2025-08-15,420684,6497,4372,17208,420.684,-6.013999999999953,45.479,30.604,120.456,-2.9609999999999985,5.564999999999998,0.19599999999999795,-0.6901177038442432,0.9526006435880959,0.062052615699784076,Export-led,High,Exports
2025-08-22,418292,6234,3810,16880,418.292,-2.3920000000000528,43.638,26.67,118.16,-1.841000000000001,-3.9339999999999975,-2.2960000000000065,-0.42116607492847946,-0.6802822354039956,-1.119945287645499,Export-led,High,Runs
2025-08-29,420707,6742,3884,16869,420.707,2.4150000000000205,47.194,27.188,118.083,3.5560000000000045,0.5179999999999971,-0.07699999999999818,0.8108615575346082,0.08618706755175327,-0.03549511331635978,Import-led,High,Imports
2025-09-05,424646,6271,2745,16818,424.646,3.9390000000000214,43.897,19.215,117.726,-3.297000000000004,-7.972999999999999,-0.3569999999999993,-0.7804849093992015,-1.3386818420511533,-0.17822200491276197,Export-led,High,Exports
2025-09-12,415361,5692,5277,16424,415.361,-9.285000000000025,39.844,36.939,114.968,-4.052999999999997,17.724,-2.7579999999999956,-0.96178561462407,2.8097225624955624,-1.3318978503936685,Export-led,High,Exports
2025-09-19,414754,6495,4484,16476,414.754,-0.6069999999999709,45.465,31.388,115.332,5.621000000000002,-5.550999999999998,0.3639999999999901,1.337375542842194,-0.8955309800025313,0.1684676643327706,Import-led,Medium,Imports
2025-09-26,416546,5833,3751,16168,416.546,1.7919999999999732,40.831,26.257,113.176,-4.634,-5.131,-2.1559999999999917,-1.0666262983789674,-0.8081174324912291,-1.1214444124607688,Export-led,Medium,Runs
2025-10-03,420261,6403,3590,16297,420.261,3.715000000000032,44.821,25.13,114.079,3.989999999999995,-1.1270000000000024,0.9029999999999916,0.9303196980302553,-0.17371472529500845,0.4079788883474484,Import-led,High,Imports
2025-10-10,423785,5525,4466,15130,423.785,3.524000000000001,38.675,31.262,105.91,-6.146000000000001,6.1320000000000014,-8.168999999999997,-1.430801192382945,0.953998464539601,-3.543737500386197,Run-led,Medium,Runs
2025-10-17,422824,5918,4203,15730,422.824,-0.9610000000000127,41.426,29.421,110.11,2.7510000000000048,-1.841000000000001,4.200000000000003,0.6682323466482122,-0.2902669727808131,1.8191930638214209,Run-led,High,Runs
2025-10-24,415966,5051,4361,15219,415.966,-6.858000000000004,35.357,30.527,106.533,-6.069000000000003,1.1060000000000016,-3.576999999999998,-1.3888152196370407,0.1711143287560938,-1.4523336311024677,Import-led,High,Runs
2025-10-31,421168,5924,4367,15256,421.168,5.201999999999998,41.468,30.569,106.792,6.111000000000004,0.04199999999999804,0.25900000000000034,1.411714919587752,-0.026037769207984597,0.17064713086008437,Import-led,High,Imports
2025-11-07,427581,5222,2816,15973,427.581,6.413000000000011,36.554,19.712,111.811,-4.9140000000000015,-10.857,5.0190000000000055,-1.0770178702704802,-1.686098446649729,2.06325487783025,Export-led,High,Runs
2025-11-14,424155,5950,4158,16232,424.155,-3.4260000000000446,41.65,29.106,113.624,5.0959999999999965,9.394000000000002,1.8129999999999882,1.2379600458787017,1.459062307700795,0.7348916906883166,Export-led,High,Exports
2025-11-21,426929,6436,3598,16443,426.929,2.774000000000001,45.052,25.186,115.101,3.402000000000001,-3.9200000000000017,1.4770000000000039,0.8295813001557647,-0.5833189098420076,0.5889556676023815,Export-led,Medium,Imports
2025-11-28,427503,5981,3613,16876,427.503,0.5740000000000123,41.867,25.291,118.132,-3.1850000000000023,0.10500000000000043,3.031000000000006,-0.7737668044392598,0.029206835708110404,1.2457421473613022,Import-led,Medium,Runs
2025-12-05,425691,6589,4009,16860,425.691,-1.8120000000000118,46.123,28.063,118.02,4.256,2.7719999999999985,-0.11200000000000898,1.1212489861434654,0.415517052116537,-0.05736204285455848,Import-led,High,Imports
2025-12-12,424417,6525,4664,16988,424.417,-1.274000000000001,45.675,32.648,118.916,-0.4480000000000004,4.585000000000004,0.8960000000000008,-0.11761713721838676,0.7489698196298292,0.34832511976712344,Export-led,High,Exports
2025-12-19,424822,6086,3616,16776,424.822,0.40500000000002956,42.602,25.312,117.432,-3.0730000000000004,-7.336000000000002,-1.4839999999999947,-0.8192453760380195,-1.1921446152228248,-0.6090539367544063,Export-led,High,Exports
2025-12-26,422888,4953,3440,16847,422.888,-1.934000000000026,34.671,24.08,117.929,-7.930999999999997,-1.2320000000000029,0.4969999999999999,-2.0085530406491485,-0.1914978970939178,0.2052162365885379,Import-led,High,Imports
2026-01-02,419056,6339,4263,16909,419.056,-3.8319999999999936,44.373,29.841,118.363,9.701999999999998,5.761000000000003,0.4339999999999975,2.4101924499634495,0.9113303595105474,0.1783043696657812,Import-led,High,Imports
2026-01-09,422447,7092,4306,16958,422.447,3.3910000000000196,49.644,30.142,118.706,5.271000000000001,0.3009999999999984,0.3430000000000035,1.2586004791944354,0.04453151113386547,0.12464349544314397,Import-led,High,Imports
2026-01-16,426049,6447,3688,16604,426.049,3.6019999999999754,45.129,25.816,116.228,-4.515000000000001,-4.3260000000000005,-2.4780000000000086,-1.0941199481649866,-0.6927281392993364,-1.2074474171550174,Import-led,Medium,Runs
2026-01-23,423754,5642,4589,16209,423.754,-2.294999999999959,39.494,32.123,113.463,-5.634999999999998,6.306999999999999,-2.7650000000000006,-1.3304279098617233,1.0150396400126749,-1.3292604167005155,Export-led,Medium,Imports
2026-01-30,420299,6201,4047,16029,420.299,-3.455000000000041,43.407,28.329,112.203,3.9129999999999967,-3.793999999999997,-1.259999999999991,0.9625406493499554,-0.617190888917556,-0.6178917522493989,Import-led,Medium,Imports
2026-02-06,428829,6805,3739,16000,428.829,8.53000000000003,47.635,26.173,112.0,4.2280000000000015,-2.1560000000000024,-0.20300000000000296,0.9989883552761601,-0.3509123946513106,-0.12786612455512106,Import-led,High,Imports
